user_id,user_lat,user_lng,interests,time_preference,location_preference,budget_type
1,37.44680559213273,126.86239780813447,"맛집, 취미활동, 스포츠, 소셜",evening,indoor,value
2,37.4002336297523,127.19688462371649,"스포츠, 카페, 소셜, 문화예술",morning,indoor,medium
3,37.487643394560564,126.94654473731748,"소셜, 문화예술",afternoon,indoor,medium
4,37.45115723710619,126.8260206371941,"맛집, 소셜, 스터디, 취미활동",night,outdoor,medium
5,37.436611470453435,126.99807076404451,"소셜, 문화예술, 카페",evening,indoor,value
6,37.69087538832937,127.11005312934445,"카페, 스포츠, 스터디",afternoon,indoor,high
7,37.65336015460345,127.09892804405496,"스터디, 카페, 맛집, 스포츠",evening,outdoor,value
8,37.527020444211914,126.95795260727023,"맛집, 카페",night,indoor,high
9,37.50753971856328,126.84634762381005,"문화예술, 맛집",evening,outdoor,value
10,37.56837302775431,126.95317074990152,"문화예술, 스포츠",evening,outdoor,medium
11,37.433267246243545,126.9757346007463,"맛집, 문화예술, 스터디",evening,indoor,medium
12,37.5619523273905,126.88122448989391,"맛집, 스포츠",morning,indoor,value
13,37.43164827794908,126.98261382819317,"카페, 소셜, 스터디",night,indoor,high
14,37.48163967481539,127.05907604821654,"취미활동, 스터디, 소셜, 카페",morning,outdoor,high
15,37.4359596102001,126.93504606856145,"문화예술, 소셜, 스터디, 맛집",evening,indoor,value
16,37.54917455176771,126.92035132392671,"카페, 스터디",morning,outdoor,value
17,37.47186856720009,126.85795794883649,"소셜, 카페, 스포츠",night,indoor,medium
18,37.51033493981578,127.05292233223743,"소셜, 맛집, 스터디, 스포츠",afternoon,indoor,high
19,37.57726788295648,127.07102574473691,"취미활동, 스터디",evening,outdoor,high
20,37.6513130317722,127.0702760468157,"스터디, 맛집, 카페, 소셜",morning,indoor,high
21,37.56656024347984,127.0118602313424,"스포츠, 취미활동, 소셜",afternoon,outdoor,premium
22,37.617786703661075,127.15884410398104,"맛집, 문화예술",night,indoor,high
23,37.43044146285981,127.06540070764322,"소셜, 스터디, 카페, 맛집",morning,indoor,value
24,37.47117472624904,126.93015987926371,"소셜, 맛집, 문화예술",night,indoor,medium
25,37.47956071030452,126.89759585735163,"취미활동, 맛집, 스터디, 카페",afternoon,outdoor,value
26,37.600677217898934,127.14566702602876,"소셜, 문화예술, 스포츠, 취미활동",night,outdoor,value
27,37.48386810253903,127.1533976089065,"카페, 취미활동, 맛집, 스터디",night,indoor,high
28,37.488334667620876,126.95403909144076,"소셜, 맛집",evening,indoor,value
29,37.46267561528461,127.06845740672962,"소셜, 문화예술, 스터디",evening,indoor,medium
30,37.507847345365924,126.9174367377058,"문화예술, 소셜, 카페",evening,indoor,value
31,37.59498917923333,127.08078675090309,"카페, 취미활동",night,indoor,high
32,37.41078268213902,126.98623920725298,"스터디, 스포츠, 카페, 소셜",evening,outdoor,high
33,37.50805719242338,126.85082420506075,"카페, 소셜, 스터디",morning,outdoor,value
34,37.60985366323016,126.85534123696712,"카페, 스포츠",night,outdoor,medium
35,37.475258158204,126.87373346973254,"스터디, 취미활동, 맛집",afternoon,outdoor,medium
36,37.47193620774722,126.83754931603251,"문화예술, 스터디",morning,outdoor,value
37,37.56981116314822,126.863458579057,"스포츠, 맛집",afternoon,indoor,low
38,37.54748476253505,126.98938870831222,"스터디, 카페",morning,indoor,medium
39,37.51238378438794,127.0503439662857,"스포츠, 카페, 소셜",afternoon,indoor,medium
40,37.572642253362766,126.95526797048261,"스터디, 취미활동",night,indoor,high
41,37.671605192586824,126.87831645391572,"소셜, 맛집, 취미활동, 스포츠",morning,indoor,value
42,37.49569268908813,127.13795012438779,"문화예술, 취미활동",afternoon,indoor,value
43,37.663241604058115,127.09402841752156,"소셜, 카페, 스포츠, 취미활동",morning,outdoor,medium
44,37.6329238882226,126.93632141610121,"문화예술, 스터디",afternoon,indoor,value
45,37.56029824205917,126.99862447627324,"소셜, 문화예술, 맛집, 취미활동",morning,indoor,high
46,37.506471557138816,127.18272035405059,"취미활동, 맛집",evening,outdoor,medium
47,37.60175553682311,127.10094981177507,"취미활동, 맛집, 스포츠, 문화예술",evening,outdoor,low
48,37.5637747310495,127.08233259355148,"스터디, 문화예술",evening,indoor,medium
49,37.64655801778711,127.0824968908626,"카페, 스포츠",morning,indoor,value
50,37.69580031914686,127.10135127410358,"맛집, 스터디",afternoon,outdoor,value
51,37.53033555334648,126.90147286954925,"문화예술, 스포츠, 취미활동",afternoon,indoor,low
52,37.688651764542364,126.94994823180949,"문화예술, 맛집",morning,indoor,medium
53,37.496805916483275,126.81736031331927,"소셜, 카페",morning,outdoor,low
54,37.46504273197595,126.91779757873577,"취미활동, 스터디, 소셜, 맛집",morning,outdoor,medium
55,37.432026819780766,126.93426402591878,"소셜, 취미활동, 스터디, 맛집",afternoon,indoor,value
56,37.477984958856275,126.98129633873154,"취미활동, 카페, 스포츠",evening,indoor,value
57,37.68215954814062,126.96665562309539,"소셜, 스포츠",morning,outdoor,value
58,37.51293901006341,127.12422133231273,"문화예술, 소셜, 취미활동",night,outdoor,value
59,37.419053548877,126.81472874705439,"맛집, 문화예술, 취미활동",evening,indoor,low
60,37.673949725677296,127.0340598129302,"소셜, 맛집, 취미활동",morning,outdoor,high
61,37.482419539107774,126.88289105960322,"문화예술, 카페",morning,outdoor,medium
62,37.64941144701875,126.92311089590842,"스포츠, 카페, 문화예술, 스터디",morning,indoor,medium
63,37.526160733599525,127.11386730557773,"맛집, 스터디, 소셜",afternoon,outdoor,value
64,37.56644468256267,126.83640083642052,"스포츠, 카페, 소셜",afternoon,indoor,medium
65,37.63894153270216,126.98373872317846,"스터디, 소셜, 스포츠, 카페",morning,indoor,value
66,37.59002025629502,126.89605824751128,"카페, 문화예술",evening,indoor,value
67,37.66229528145633,127.00609442194569,"맛집, 소셜, 스포츠, 스터디",night,indoor,low
68,37.40954140444555,127.01948612368297,"카페, 스포츠, 취미활동, 문화예술",morning,indoor,value
69,37.42768717586862,126.99245815762252,"스터디, 문화예술, 카페",afternoon,indoor,high
70,37.6244779071151,126.87380840774254,"카페, 소셜, 취미활동, 문화예술",evening,indoor,high
71,37.44432172757187,126.853246771435,"취미활동, 카페, 스터디",evening,outdoor,medium
72,37.51914914975122,126.841947666613,"카페, 스포츠, 소셜, 취미활동",evening,indoor,low
73,37.502878059283475,126.98958797657222,"문화예술, 카페",afternoon,outdoor,value
74,37.43827409083867,126.91351036231949,"소셜, 스터디, 스포츠, 카페",afternoon,outdoor,medium
75,37.43053474178612,126.86114365567373,"맛집, 소셜, 문화예술, 스포츠",evening,indoor,high
76,37.40547274442851,127.07878458494658,"맛집, 스터디, 문화예술",night,indoor,value
77,37.64625844194601,127.08738290833462,"카페, 스터디, 소셜, 맛집",evening,indoor,value
78,37.472722919724525,126.84593472989567,"스터디, 소셜",afternoon,outdoor,low
79,37.51076914445297,126.98170718888764,"맛집, 스포츠, 취미활동",morning,indoor,premium
80,37.62806835796691,127.03825549624314,"소셜, 취미활동",night,outdoor,medium
81,37.67988142012999,127.19637179058296,"소셜, 카페, 맛집, 취미활동",afternoon,indoor,low
82,37.63986113927586,127.13005307067712,"취미활동, 맛집, 소셜",morning,outdoor,medium
83,37.60489461902514,126.98077944051961,"카페, 소셜, 맛집",night,indoor,value
84,37.515167366411966,127.01742114444559,"맛집, 카페, 문화예술",night,indoor,medium
85,37.45001922799801,127.15145164614938,"스포츠, 스터디, 맛집",morning,indoor,high
86,37.6231838877718,126.81341297389432,"맛집, 카페",afternoon,outdoor,value
87,37.53710006578451,127.041583148829,"소셜, 맛집, 문화예술",evening,outdoor,low
88,37.57953281036157,127.0262033389292,"취미활동, 스포츠, 카페, 맛집",afternoon,indoor,value
89,37.67355572265289,126.85564647765722,"스포츠, 문화예술, 카페, 스터디",afternoon,outdoor,low
90,37.40690678143629,127.0605468843953,"카페, 맛집, 스포츠, 스터디",morning,indoor,medium
91,37.43684323455372,126.89436241383802,"문화예술, 취미활동, 소셜",afternoon,outdoor,low
92,37.513791709515665,127.09769986073732,"맛집, 소셜",afternoon,outdoor,low
93,37.503903798309786,126.93878128075849,"스터디, 취미활동",afternoon,outdoor,medium
94,37.44965399522839,126.81355166409864,"소셜, 스터디, 스포츠, 맛집",morning,indoor,medium
95,37.69266239470483,126.98359559520681,"스터디, 카페, 취미활동",night,indoor,low
96,37.46297167792868,127.15922171577628,"문화예술, 취미활동",night,indoor,medium
97,37.535986650424405,127.00975610773104,"소셜, 문화예술",night,indoor,value
98,37.68383463864009,126.9493237265119,"맛집, 카페, 스터디, 취미활동",afternoon,outdoor,medium
99,37.40812879775105,126.88878886477318,"취미활동, 스터디",night,indoor,medium
100,37.47145483431402,126.83977655710373,"문화예술, 맛집, 소셜",night,outdoor,medium
101,37.521917692482056,126.92959602444272,"소셜, 스터디, 맛집",afternoon,indoor,low
102,37.61118384054156,127.16424960141612,"문화예술, 맛집, 스포츠, 취미활동",morning,indoor,value
103,37.6321503569604,126.94510315786638,"소셜, 맛집, 스터디",morning,indoor,high
104,37.541319635808144,126.87284285552863,"취미활동, 소셜, 카페",afternoon,indoor,value
105,37.526511180365986,126.85291048445013,"카페, 소셜, 문화예술",morning,indoor,value
106,37.420152619974715,126.96209923521107,"카페, 문화예술, 스포츠, 소셜",afternoon,outdoor,value
107,37.61965537353772,126.90029226422463,"문화예술, 맛집, 소셜",morning,outdoor,low
108,37.526610817865205,126.9415485506245,"소셜, 카페",afternoon,outdoor,low
109,37.67465410318758,127.08861314444876,"스포츠, 소셜, 문화예술, 카페",night,indoor,value
110,37.409354940518384,126.90490561771993,"카페, 맛집, 스포츠, 문화예술",evening,outdoor,high
111,37.43197947594013,126.83005511269432,"문화예술, 취미활동, 소셜, 스포츠",morning,indoor,medium
112,37.60840894125633,126.90885805489198,"스터디, 문화예술, 소셜",afternoon,indoor,value
113,37.53380173188739,126.87405317153545,"소셜, 문화예술, 맛집, 취미활동",afternoon,outdoor,medium
114,37.47490040265775,126.99576998545726,"취미활동, 카페, 문화예술, 맛집",evening,outdoor,low
115,37.5419630354244,126.92514194260224,"문화예술, 스터디, 취미활동",evening,outdoor,value
116,37.65336481956052,126.9276401892973,"스포츠, 문화예술, 취미활동",afternoon,outdoor,medium
117,37.559079539790474,126.97641286469927,"취미활동, 스포츠, 카페, 맛집",evening,indoor,value
118,37.66579332447086,127.04634527527293,"카페, 소셜",afternoon,indoor,value
119,37.679776972827575,126.82801188229898,"문화예술, 소셜, 맛집",afternoon,indoor,medium
120,37.630482024159356,126.96710671286694,"맛집, 소셜",evening,indoor,medium
121,37.57673256034127,126.91090625827871,"스포츠, 소셜",morning,outdoor,value
122,37.635903504324666,126.8357644009249,"스터디, 소셜",afternoon,outdoor,high
123,37.41949592284487,126.9606320945702,"문화예술, 소셜, 카페, 스포츠",morning,outdoor,medium
124,37.41101958122798,127.18290810519333,"스터디, 문화예술",night,indoor,low
125,37.45216857476584,126.95849680756106,"문화예술, 스터디, 맛집, 카페",afternoon,indoor,premium
126,37.41045954807014,127.15796857649114,"맛집, 소셜, 스포츠, 문화예술",morning,indoor,high
127,37.65565806000411,126.81416894736742,"맛집, 취미활동, 소셜, 스포츠",evening,outdoor,medium
128,37.424313864772294,126.88807328077992,"취미활동, 스터디, 소셜, 스포츠",morning,outdoor,premium
129,37.504342762370655,127.07120646102362,"문화예술, 스포츠, 맛집",evening,outdoor,medium
130,37.6511039985091,127.07898858466771,"맛집, 소셜, 취미활동, 스터디",afternoon,indoor,medium
131,37.66372144406844,126.80205806830189,"문화예술, 취미활동, 스포츠, 맛집",night,indoor,medium
132,37.47760649920937,126.87725314583491,"취미활동, 카페, 스포츠, 스터디",morning,outdoor,premium
133,37.438534615427955,126.91333717930623,"취미활동, 카페",evening,indoor,premium
134,37.45212604259227,127.1083416434164,"취미활동, 카페, 맛집, 스포츠",night,indoor,medium
135,37.41372261014375,127.14861472246095,"스터디, 카페, 문화예술",night,outdoor,value
136,37.406637065458696,126.92944408765982,"맛집, 스포츠, 소셜, 취미활동",evening,outdoor,value
137,37.5354161072989,126.86544952847666,"스터디, 카페, 문화예술, 스포츠",evening,outdoor,value
138,37.66041629675969,127.18529466137606,"스터디, 스포츠, 카페",night,indoor,high
139,37.49358559714854,126.92829709617526,"맛집, 스터디",afternoon,indoor,value
140,37.44777372148378,126.8814804997105,"소셜, 스터디",morning,outdoor,medium
141,37.67625435434471,127.0466601258083,"스터디, 소셜, 취미활동",afternoon,indoor,low
142,37.46766204273312,126.86433018763127,"카페, 맛집, 소셜, 스터디",afternoon,indoor,value
143,37.518663525163994,127.18987994074828,"취미활동, 카페, 문화예술, 맛집",afternoon,indoor,medium
144,37.62474849173039,126.85836882961405,"스터디, 맛집",night,outdoor,low
145,37.402931254225756,126.9305845232976,"스터디, 카페, 맛집",afternoon,indoor,high
146,37.439814726212916,127.02701633930462,"카페, 소셜, 취미활동",afternoon,outdoor,high
147,37.61194271794607,126.81263445793026,"맛집, 스터디, 카페",afternoon,outdoor,medium
148,37.50183505776284,127.1259300454986,"스포츠, 카페",evening,outdoor,medium
149,37.55792079828083,127.09263580870213,"스터디, 스포츠, 문화예술",evening,outdoor,medium
150,37.541054777809,127.09771162623798,"문화예술, 소셜",morning,outdoor,medium
151,37.69890017481703,127.18991726485872,"소셜, 스포츠, 스터디, 카페",evening,indoor,value
152,37.6882341654461,126.96636294645877,"문화예술, 맛집",night,indoor,value
153,37.576417513427025,126.8117577783026,"취미활동, 스터디, 카페",afternoon,indoor,high
154,37.67370900368501,126.88426487560227,"스포츠, 스터디, 소셜",morning,indoor,high
155,37.58976215996789,126.94913945487558,"소셜, 스포츠",afternoon,indoor,high
156,37.554445206178904,126.9436933477599,"스터디, 맛집",afternoon,indoor,medium
157,37.49755701926741,127.10938925027465,"스터디, 취미활동",night,indoor,value
158,37.55593218456681,126.9348012705725,"스포츠, 스터디, 문화예술, 취미활동",afternoon,indoor,value
159,37.513807576976724,127.04221526305795,"스터디, 카페, 맛집, 소셜",evening,outdoor,value
160,37.480924883455096,126.82283474243572,"스터디, 맛집",evening,indoor,low
161,37.430992687137206,127.03386828017703,"맛집, 문화예술",night,indoor,premium
162,37.66037548835601,126.98189594225354,"소셜, 문화예술, 스터디, 스포츠",evening,indoor,value
163,37.61986967550241,126.86495275786493,"스포츠, 카페, 맛집",morning,indoor,medium
164,37.68338426584221,127.07329921131586,"소셜, 문화예술, 카페",afternoon,indoor,high
165,37.67560333909805,127.04024381701849,"스터디, 맛집, 소셜, 취미활동",evening,outdoor,value
166,37.414463611658164,127.19086967368852,"소셜, 카페",morning,outdoor,medium
167,37.629557259366734,127.17026993235228,"소셜, 취미활동",evening,outdoor,medium
168,37.489060782368085,127.05962986351776,"문화예술, 맛집",morning,indoor,value
169,37.578945642495626,127.0182747553982,"맛집, 취미활동, 스포츠, 문화예술",evening,indoor,low
170,37.51393573405377,127.14533345982873,"카페, 스포츠, 문화예술, 스터디",night,outdoor,high
171,37.5740517107682,127.01344101869076,"스터디, 카페",evening,indoor,medium
172,37.45873339570506,126.80302514999126,"소셜, 취미활동, 스포츠",evening,indoor,premium
173,37.430426248534765,126.99434870367453,"소셜, 취미활동, 맛집, 스포츠",night,indoor,medium
174,37.61529073577259,126.95996208272166,"스포츠, 스터디",morning,indoor,low
175,37.61271387851673,126.8427507692379,"스터디, 취미활동, 스포츠, 카페",afternoon,indoor,high
176,37.433691303323364,126.80103360593799,"카페, 맛집, 스터디",afternoon,outdoor,high
177,37.65195839086002,127.1600092493592,"카페, 취미활동",night,indoor,value
178,37.4286605941504,127.04954372987063,"스터디, 스포츠, 맛집",morning,indoor,low
179,37.428714366656045,126.80945543441854,"스터디, 취미활동",evening,indoor,value
180,37.44253231805813,126.90981610160004,"카페, 소셜, 문화예술, 취미활동",evening,outdoor,value
181,37.438518286836235,126.84164385975366,"소셜, 맛집, 문화예술",afternoon,indoor,high
182,37.49701146863465,126.89066256089079,"맛집, 소셜",morning,outdoor,value
183,37.66402372626844,127.06035094761887,"취미활동, 맛집, 스포츠",afternoon,indoor,value
184,37.69864414721128,126.97854094047905,"카페, 스포츠, 스터디",night,indoor,medium
185,37.526806734018855,127.12872257756044,"취미활동, 문화예술",night,indoor,medium
186,37.621154067502175,127.1074399219154,"소셜, 스포츠, 맛집, 카페",morning,outdoor,medium
187,37.61262340932289,126.81446415220991,"문화예술, 카페, 소셜",morning,indoor,value
188,37.491657293197406,126.95879260682972,"취미활동, 소셜",evening,outdoor,high
189,37.65542748732353,126.88340420574293,"스포츠, 문화예술, 맛집",evening,indoor,medium
190,37.442383414782654,126.8847929963609,"스포츠, 소셜",afternoon,indoor,value
191,37.571912428679255,127.1730922961905,"스포츠, 스터디, 문화예술",afternoon,indoor,high
192,37.519598908331695,126.8585495968649,"맛집, 소셜, 카페, 문화예술",morning,indoor,value
193,37.55184255885207,126.97580467545316,"맛집, 카페",night,outdoor,low
194,37.418404888133196,127.11230463442737,"소셜, 스포츠, 스터디, 카페",afternoon,indoor,value
195,37.43641548182673,126.92131005902704,"맛집, 문화예술, 소셜",evening,indoor,medium
196,37.49187608623598,127.04955833451666,"취미활동, 맛집",night,outdoor,medium
197,37.52423892575868,127.13101515822675,"맛집, 스포츠",morning,indoor,premium
198,37.47794396262351,127.10411592924885,"문화예술, 스터디, 소셜, 스포츠",afternoon,indoor,medium
199,37.6404611335649,127.18383065772842,"소셜, 카페",night,indoor,value
200,37.546472341106536,126.86001946587758,"맛집, 스포츠, 카페, 취미활동",night,indoor,medium
201,37.63550496315112,127.1568338755761,"취미활동, 카페, 맛집, 소셜",morning,indoor,medium
202,37.65226147382778,126.81537053958493,"취미활동, 카페",night,outdoor,high
203,37.53518589701893,127.15298377618244,"문화예술, 소셜, 스터디, 취미활동",morning,outdoor,medium
204,37.42137701832958,126.80484339009395,"맛집, 소셜",morning,indoor,value
205,37.598411183321126,126.87407822714698,"맛집, 스포츠, 스터디, 소셜",evening,indoor,medium
206,37.63076694435144,127.0498654275417,"스터디, 소셜, 카페",afternoon,outdoor,low
207,37.543476588372776,127.15832583894876,"카페, 맛집, 소셜",afternoon,outdoor,value
208,37.64353093642704,127.0625914429326,"스포츠, 맛집, 카페",evening,indoor,low
209,37.531821496908336,127.04517583299781,"스터디, 맛집, 카페",afternoon,indoor,high
210,37.495076743203484,127.15170746399913,"소셜, 문화예술, 맛집, 카페",night,outdoor,value
211,37.563508075669084,127.1938678958098,"스포츠, 맛집",afternoon,indoor,medium
212,37.546518239019484,126.86027044308395,"취미활동, 스포츠, 맛집",night,outdoor,medium
213,37.661996874758245,127.0545165415917,"문화예술, 맛집",night,indoor,low
214,37.429753429876165,126.96059772634452,"취미활동, 맛집, 소셜",afternoon,outdoor,value
215,37.63513753534562,127.02169060565281,"스터디, 문화예술",afternoon,outdoor,high
216,37.60351364685654,127.10250586315658,"문화예술, 카페",evening,indoor,high
217,37.465162729307366,126.85512915966369,"스포츠, 카페",afternoon,indoor,medium
218,37.42789719194694,127.03528090677936,"소셜, 카페",night,indoor,medium
219,37.60294038116791,127.1219955998723,"스포츠, 카페",evening,indoor,value
220,37.61230428042228,127.11544598586896,"스포츠, 소셜, 맛집, 문화예술",night,indoor,value
221,37.418762668069206,127.1205467663278,"스터디, 문화예술, 카페",evening,outdoor,high
222,37.60577338131496,127.19645057272852,"맛집, 취미활동",night,indoor,medium
223,37.40785901255962,126.80967670555654,"카페, 소셜",afternoon,indoor,medium
224,37.52889704382168,127.14909210019384,"문화예술, 스포츠, 맛집, 취미활동",morning,indoor,value
225,37.41495260833488,127.16156533210415,"스포츠, 카페",evening,indoor,medium
226,37.67678691742634,126.9888241736788,"맛집, 카페, 소셜",morning,indoor,low
227,37.692450395834335,126.948482837556,"스포츠, 소셜, 맛집",evening,indoor,medium
228,37.568597854240046,126.93836817900068,"스포츠, 소셜",afternoon,indoor,value
229,37.68104673860993,126.8209031517144,"스포츠, 취미활동, 스터디, 문화예술",night,outdoor,medium
230,37.45942928982792,127.02613210182865,"취미활동, 문화예술",evening,indoor,high
231,37.52539698016115,126.83553609803502,"카페, 문화예술",afternoon,indoor,medium
232,37.63750999653601,127.01953546268803,"소셜, 스포츠",afternoon,indoor,value
233,37.464827135955595,126.83902500409572,"스포츠, 카페",night,indoor,medium
234,37.41558697326628,127.11451127975361,"스터디, 스포츠, 맛집",night,indoor,high
235,37.437876134837786,127.0638517465579,"스포츠, 스터디, 카페",night,outdoor,value
236,37.419561377378145,126.98557255072494,"취미활동, 스터디",night,indoor,value
237,37.6326835552776,127.18579066156033,"소셜, 스터디, 맛집, 카페",night,indoor,low
238,37.51879114179874,127.16603602736282,"맛집, 스포츠",night,indoor,value
239,37.48307134621334,127.19340858908609,"취미활동, 소셜, 스터디",morning,indoor,low
240,37.69032676313102,127.14274957443004,"스포츠, 취미활동",morning,outdoor,medium
241,37.49690335951586,127.19883126283267,"카페, 문화예술",afternoon,indoor,low
242,37.66707741590535,126.83176263385721,"소셜, 맛집, 문화예술, 취미활동",morning,outdoor,value
243,37.49430503395512,126.98846715957312,"스포츠, 소셜",evening,outdoor,value
244,37.47330198223594,126.84517728336446,"스포츠, 소셜, 맛집",afternoon,indoor,value
245,37.53065163631945,127.03089989230745,"문화예술, 소셜, 취미활동",morning,outdoor,value
246,37.43190311787673,126.92596783544519,"취미활동, 맛집, 스터디, 문화예술",night,indoor,low
247,37.423123403585436,126.93615203706666,"맛집, 스터디",afternoon,indoor,value
248,37.627774619918256,127.16144313773871,"취미활동, 맛집, 문화예술, 소셜",morning,outdoor,medium
249,37.40005651986697,126.8676324281424,"스터디, 문화예술",afternoon,indoor,value
250,37.54372101893101,126.80720003557808,"스포츠, 문화예술",night,outdoor,high
251,37.626188571079034,127.12196271073658,"문화예술, 소셜, 스터디, 맛집",night,outdoor,medium
252,37.53495266239177,126.88737727315332,"맛집, 스터디",morning,indoor,low
253,37.42227226189652,126.89054059773659,"카페, 스터디, 맛집",afternoon,outdoor,low
254,37.42369074865725,126.89580406796381,"맛집, 취미활동, 카페",morning,indoor,value
255,37.475692174951824,126.88809012055093,"소셜, 문화예술, 스포츠, 카페",night,indoor,low
256,37.68674734511623,126.81005678331091,"취미활동, 스터디",evening,indoor,value
257,37.58212687361563,127.0525230212368,"스터디, 문화예술, 취미활동",night,outdoor,medium
258,37.54630012058638,127.06088970381819,"스포츠, 카페, 맛집, 스터디",afternoon,indoor,value
259,37.541748006501955,126.81825949820094,"문화예술, 카페",night,indoor,value
260,37.53424044239674,126.9897153681725,"문화예술, 취미활동",morning,indoor,low
261,37.53885558650475,126.97541539541497,"스터디, 맛집, 소셜",night,indoor,value
262,37.43415151804298,126.93808925712068,"맛집, 카페, 문화예술",evening,indoor,low
263,37.44956118180136,126.95594894117662,"문화예술, 맛집, 스터디, 스포츠",evening,indoor,high
264,37.61552876894562,127.18161325103402,"맛집, 카페",morning,indoor,medium
265,37.43434629141977,126.95353555321799,"소셜, 문화예술, 맛집, 카페",evening,outdoor,low
266,37.5064313875508,127.17669028464758,"카페, 취미활동, 맛집, 스터디",evening,outdoor,medium
267,37.673986084272876,127.04502938733793,"소셜, 스포츠, 문화예술, 취미활동",night,indoor,medium
268,37.64600378873581,127.07795294947039,"스포츠, 취미활동",night,indoor,value
269,37.46481540950351,126.98664311387888,"카페, 문화예술",night,outdoor,high
270,37.562760310559675,127.14469699796732,"취미활동, 스터디, 스포츠",afternoon,indoor,medium
271,37.429662085292186,127.15586081320703,"맛집, 스터디, 스포츠, 소셜",night,indoor,medium
272,37.4134335351514,127.10476272805296,"스터디, 취미활동",evening,indoor,low
273,37.52288866846857,126.92448699802536,"맛집, 스포츠, 소셜",afternoon,outdoor,medium
274,37.46854602402643,127.19098084719614,"카페, 취미활동, 맛집",evening,outdoor,value
275,37.51863028039787,126.92528250442807,"스포츠, 맛집, 스터디, 문화예술",morning,indoor,value
276,37.66652110169261,127.04117715059178,"문화예술, 카페",night,indoor,low
277,37.50211613127635,127.01656304293904,"카페, 맛집, 스터디, 스포츠",morning,indoor,medium
278,37.490699974805445,126.90373395892684,"맛집, 스포츠",evening,indoor,medium
279,37.50418311170915,127.03218704039747,"스포츠, 맛집, 취미활동, 카페",night,outdoor,low
280,37.66409442864468,127.04936238326378,"맛집, 스터디, 취미활동",morning,outdoor,value
281,37.672082842650454,126.85294895161398,"카페, 맛집, 취미활동, 스포츠",evening,outdoor,medium
282,37.437446244190056,127.11768426501976,"취미활동, 스포츠",night,indoor,low
283,37.49073424348681,126.99656727101143,"스터디, 소셜, 문화예술",evening,indoor,medium
284,37.65967314368737,127.19229573743337,"문화예술, 스터디, 맛집, 취미활동",afternoon,indoor,medium
285,37.417841470660186,126.80126713943228,"맛집, 스포츠, 취미활동, 소셜",morning,outdoor,high
286,37.69145991271718,126.88829819538111,"맛집, 문화예술, 스포츠, 스터디",evening,indoor,value
287,37.589763232989746,127.05778811084842,"스포츠, 스터디",night,outdoor,value
288,37.698394592468006,126.83592486171311,"소셜, 문화예술, 맛집",afternoon,indoor,medium
289,37.597562154701016,127.10644637311823,"카페, 맛집",night,outdoor,low
290,37.49184120226388,127.01965213451086,"소셜, 스터디, 카페, 취미활동",afternoon,outdoor,high
291,37.60452459322705,126.8451726570744,"스포츠, 문화예술, 맛집",afternoon,outdoor,medium
292,37.46971529691682,126.91240179956348,"취미활동, 스포츠, 카페",night,indoor,low
293,37.4678086993448,127.05619041687034,"맛집, 문화예술, 스포츠, 소셜",morning,indoor,value
294,37.53480492261189,127.03434591538141,"스터디, 맛집, 문화예술, 카페",night,indoor,medium
295,37.48699103568308,127.02531557238153,"카페, 스터디, 스포츠",night,indoor,medium
296,37.41629961044687,127.09945809365048,"카페, 스포츠, 소셜",evening,indoor,low
297,37.40114597679757,126.89872954768076,"스터디, 문화예술",morning,indoor,high
298,37.494004375275544,127.11557298871041,"문화예술, 맛집",evening,outdoor,value
299,37.54814421213708,126.95505952218225,"취미활동, 소셜, 맛집",evening,outdoor,medium
300,37.68981425153861,127.10441511610031,"맛집, 문화예술, 스포츠, 카페",morning,outdoor,high
301,37.43144241949927,126.99942831980228,"취미활동, 맛집",evening,indoor,value
302,37.657687005626194,126.87440920000226,"스터디, 소셜, 스포츠, 문화예술",morning,outdoor,high
303,37.638872178668855,127.10160921397136,"스터디, 소셜",morning,indoor,low
304,37.41565958871349,127.07287755225065,"스포츠, 스터디, 취미활동, 소셜",afternoon,indoor,high
305,37.554758570813696,126.90703707069119,"문화예술, 소셜, 맛집, 취미활동",morning,outdoor,value
306,37.40942654645338,127.09448017002431,"스터디, 카페, 소셜",afternoon,indoor,medium
307,37.62869270960658,126.98196755580304,"취미활동, 소셜",night,outdoor,medium
308,37.642146661209466,126.84808289164823,"소셜, 스포츠, 취미활동",afternoon,indoor,value
309,37.400406087714636,126.9199202110261,"스터디, 카페",night,indoor,high
310,37.537398727701074,126.9592021171818,"문화예술, 맛집, 스터디, 취미활동",night,outdoor,medium
311,37.542142948519384,126.82313777977886,"스터디, 취미활동",afternoon,outdoor,value
312,37.458749925240284,126.85632117955707,"취미활동, 맛집, 소셜",afternoon,outdoor,value
313,37.60223908866082,126.90396199169713,"맛집, 스포츠, 소셜, 문화예술",morning,outdoor,value
314,37.44419091328369,126.80313663630876,"스터디, 카페, 소셜",night,indoor,low
315,37.550181071346415,127.07184813309405,"스포츠, 문화예술",morning,outdoor,high
316,37.4131699827929,126.86629991192807,"문화예술, 카페, 스포츠",morning,indoor,high
317,37.47259313909511,127.18425079020528,"문화예술, 소셜",night,outdoor,value
318,37.53109876569969,127.03742437415151,"소셜, 스터디, 카페, 문화예술",evening,indoor,low
319,37.68311047784607,127.18405424176218,"맛집, 취미활동, 스터디",morning,outdoor,premium
320,37.53747039511785,127.11253953624576,"스터디, 스포츠",night,indoor,medium
321,37.67785822052954,126.89147071184144,"카페, 소셜, 취미활동",evening,indoor,high
322,37.5442670439809,127.06497360468043,"맛집, 문화예술, 스포츠",afternoon,outdoor,low
323,37.54446480208276,127.05417745826381,"취미활동, 스터디, 문화예술, 스포츠",night,outdoor,high
324,37.69773268681244,126.95452926923059,"취미활동, 문화예술",morning,indoor,medium
325,37.65194484864366,127.10070886921564,"문화예술, 스터디, 카페",morning,indoor,low
326,37.53098425693063,127.03203553386778,"카페, 맛집, 취미활동",evening,indoor,high
327,37.64694824921266,127.15555496960145,"소셜, 카페",afternoon,indoor,medium
328,37.420702277783846,127.17631380820124,"스터디, 소셜",morning,indoor,low
329,37.50578078177866,127.12991514251112,"카페, 취미활동, 스포츠, 맛집",afternoon,outdoor,medium
330,37.57712932694681,126.82453238225732,"문화예술, 카페, 스포츠, 맛집",afternoon,indoor,premium
331,37.40044214662589,127.0917379176352,"문화예술, 맛집, 카페, 스포츠",night,indoor,medium
332,37.66881223989717,127.12721069965548,"소셜, 문화예술, 맛집, 카페",night,outdoor,low
333,37.5627413010388,126.85984057981078,"스터디, 스포츠, 맛집",night,indoor,medium
334,37.41272668946207,126.90613045502218,"문화예술, 취미활동, 소셜",night,outdoor,medium
335,37.45162676878858,127.18896799961604,"맛집, 문화예술, 카페, 취미활동",evening,outdoor,medium
336,37.61869431849674,127.14467636151494,"스터디, 맛집, 문화예술, 소셜",morning,indoor,low
337,37.43566231735312,127.10588765659051,"맛집, 카페",night,indoor,high
338,37.407558024187765,127.1355989310872,"문화예술, 소셜",night,outdoor,medium
339,37.56392909482336,127.18681411010246,"취미활동, 맛집, 소셜",evening,indoor,value
340,37.65958872767268,126.86290928327189,"맛집, 스포츠, 문화예술",night,outdoor,value
341,37.5874622298821,127.0286983932575,"취미활동, 맛집, 소셜",night,outdoor,medium
342,37.52349663813701,127.1739977727355,"맛집, 취미활동",morning,outdoor,value
343,37.60326228365106,126.82884443717177,"스터디, 소셜, 취미활동",afternoon,indoor,high
344,37.430411869265946,126.91114111043588,"스터디, 스포츠",afternoon,outdoor,high
345,37.564335408314996,127.19158300281644,"문화예술, 카페, 소셜",morning,outdoor,medium
346,37.58164480076432,127.00671597565126,"맛집, 스터디",evening,indoor,value
347,37.451633180846834,127.17020888314076,"스터디, 스포츠, 문화예술",night,indoor,low
348,37.61113769329715,126.9493039257851,"취미활동, 소셜, 스포츠, 스터디",evening,outdoor,medium
349,37.45222450259343,126.84682641656967,"스터디, 소셜, 맛집",morning,indoor,high
350,37.610341878325244,127.07204475417879,"스포츠, 취미활동, 맛집",night,outdoor,value
351,37.51971059529273,127.13592064266577,"스터디, 맛집, 취미활동, 카페",afternoon,outdoor,value
352,37.42778764491541,127.0993537398705,"소셜, 문화예술, 스터디",evening,outdoor,high
353,37.468751585364245,127.01875038635042,"취미활동, 문화예술",morning,indoor,medium
354,37.46432194489795,126.9083225312148,"맛집, 소셜, 취미활동, 카페",night,outdoor,value
355,37.424344753560874,127.18059628407072,"문화예술, 스터디, 소셜",afternoon,outdoor,value
356,37.476007151017896,127.1950638369365,"취미활동, 스포츠, 문화예술, 맛집",night,indoor,value
357,37.65955800421935,127.16610287396713,"맛집, 문화예술",morning,outdoor,medium
358,37.65009294024319,126.99977270794673,"스포츠, 취미활동",afternoon,outdoor,high
359,37.49031382335029,127.00105249705206,"문화예술, 스터디, 스포츠",morning,indoor,low
360,37.44784767876241,126.8641850457085,"취미활동, 스터디, 문화예술, 소셜",morning,outdoor,high
361,37.641753359785355,126.80318576189818,"맛집, 스포츠, 문화예술",night,indoor,medium
362,37.661790740764054,127.13124673160254,"소셜, 문화예술, 맛집, 카페",afternoon,outdoor,premium
363,37.6628958299427,126.84102718503344,"취미활동, 문화예술, 카페",morning,indoor,high
364,37.50343442602179,126.98473739251004,"문화예술, 소셜, 카페, 맛집",afternoon,indoor,medium
365,37.46887944822619,126.84702052006008,"스포츠, 카페",morning,outdoor,high
366,37.4250663012532,126.8076515865749,"스포츠, 카페",evening,outdoor,high
367,37.463568299132035,126.92440099789307,"스터디, 스포츠, 소셜",evening,indoor,value
368,37.52442074809024,127.10154602953477,"맛집, 스포츠, 카페, 스터디",morning,indoor,medium
369,37.56400557652979,127.03016375491445,"카페, 취미활동, 문화예술, 소셜",morning,indoor,low
370,37.46187563415084,126.9567437492752,"문화예술, 스포츠",morning,outdoor,medium
371,37.42071377189438,126.98970200839078,"문화예술, 카페, 소셜, 맛집",evening,outdoor,value
372,37.64641650887021,127.13733046711515,"맛집, 카페, 스터디",evening,indoor,value
373,37.66476796303171,126.98652390245607,"문화예술, 스포츠, 맛집, 소셜",morning,indoor,medium
374,37.69041974361523,126.82662589116569,"스터디, 취미활동, 스포츠",morning,outdoor,value
375,37.41285126653573,126.97855475610528,"맛집, 카페",evening,indoor,value
376,37.50498348185889,127.17171536090483,"스포츠, 맛집, 스터디, 카페",afternoon,indoor,medium
377,37.56452574889807,126.82658533031051,"카페, 스터디",night,indoor,medium
378,37.46217268993066,127.08529434723333,"소셜, 스터디",evening,indoor,low
379,37.57914659179709,127.06165309481115,"취미활동, 소셜, 카페",night,outdoor,medium
380,37.48128280949491,126.88090167220982,"스터디, 카페, 취미활동",evening,indoor,medium
381,37.56737823354521,127.03386723606633,"스터디, 스포츠, 카페",afternoon,indoor,high
382,37.62446984939957,126.89001675046835,"스터디, 맛집, 문화예술",afternoon,indoor,low
383,37.418942087878214,127.11071619336289,"스포츠, 맛집, 소셜",evening,outdoor,medium
384,37.465169265935906,126.98559605258578,"카페, 취미활동, 스포츠",afternoon,indoor,high
385,37.635131716705175,126.97159397273636,"스포츠, 카페, 맛집, 취미활동",afternoon,outdoor,value
386,37.573010719657326,126.82690236558695,"문화예술, 스포츠",night,outdoor,high
387,37.53974772596694,127.02846491944895,"문화예술, 스포츠",night,indoor,low
388,37.49383339676311,127.06173680219709,"스포츠, 문화예술, 취미활동, 맛집",evening,indoor,low
389,37.58738421443436,127.14577329874734,"취미활동, 소셜, 스터디",afternoon,indoor,low
390,37.51676914150754,126.89155018499339,"스터디, 스포츠",evening,outdoor,value
391,37.69868933284967,127.19244716314718,"맛집, 스포츠, 취미활동",night,outdoor,value
392,37.60243589065023,127.07101264555348,"맛집, 소셜, 스터디",afternoon,indoor,high
393,37.420940196384386,127.02187508391204,"맛집, 문화예술",morning,outdoor,medium
394,37.684623318544915,126.82424196308597,"스터디, 소셜, 스포츠, 카페",afternoon,outdoor,medium
395,37.59170964767448,127.1814140391406,"카페, 스포츠, 스터디, 맛집",morning,indoor,medium
396,37.61079206175747,126.82661104328434,"스포츠, 스터디, 취미활동",afternoon,indoor,medium
397,37.665828030593964,126.87866143398118,"맛집, 문화예술, 스포츠, 스터디",morning,outdoor,high
398,37.5867891600796,127.18935304766593,"취미활동, 스터디",night,outdoor,medium
399,37.65576422637379,127.17518609257355,"맛집, 취미활동, 스포츠",evening,indoor,medium
400,37.68271503620068,126.82992848207799,"스포츠, 소셜, 스터디, 카페",evening,indoor,premium
401,37.406156244418796,127.130647338201,"스터디, 취미활동, 소셜",night,indoor,medium
402,37.42294398664979,127.19469164060034,"스포츠, 스터디",night,indoor,value
403,37.55165262811696,126.85763151440528,"스포츠, 소셜, 맛집, 취미활동",evening,indoor,low
404,37.48457571287142,126.94552385645638,"문화예술, 스터디, 카페, 취미활동",afternoon,outdoor,medium
405,37.43790694439435,127.02502208050922,"스터디, 취미활동, 소셜, 카페",night,outdoor,value
406,37.5678736563396,127.074815660233,"취미활동, 카페, 스포츠, 문화예술",night,indoor,high
407,37.4589257647616,127.18057793026524,"취미활동, 스터디, 맛집",morning,indoor,medium
408,37.51165197657407,127.06466690385167,"스포츠, 맛집, 카페",afternoon,indoor,high
409,37.6477132854682,126.91428302706436,"스터디, 맛집",morning,indoor,medium
410,37.42610516549084,127.02271396437128,"소셜, 문화예술, 스터디",evening,indoor,value
411,37.4789742039554,126.80026135630452,"문화예술, 취미활동",evening,outdoor,low
412,37.459851594478884,126.91757964040676,"맛집, 카페",night,outdoor,low
413,37.53988982388194,127.10423025698212,"취미활동, 문화예술, 스터디",night,outdoor,medium
414,37.61243655047019,126.99027512720438,"카페, 소셜, 맛집, 문화예술",evening,indoor,value
415,37.55295620286514,127.0005102578503,"스터디, 맛집, 소셜, 취미활동",evening,outdoor,value
416,37.534711630379036,126.8949914227009,"맛집, 스터디",evening,indoor,medium
417,37.45995238138458,126.82221001312365,"스터디, 맛집",evening,indoor,medium
418,37.51619675539259,126.82646607553377,"스포츠, 맛집, 카페",morning,outdoor,value
419,37.68844769737223,127.06714716268033,"맛집, 문화예술",evening,outdoor,medium
420,37.57988827053798,127.0025321237417,"소셜, 스포츠, 스터디",afternoon,indoor,value
421,37.504065792909316,126.97425791618261,"소셜, 카페, 스포츠",evening,indoor,value
422,37.695453723190134,127.17559856883439,"소셜, 카페, 취미활동, 스터디",afternoon,outdoor,low
423,37.45681802536545,126.80201062104392,"취미활동, 맛집",afternoon,outdoor,medium
424,37.41668165650414,126.80275118488785,"문화예술, 스포츠, 맛집",night,outdoor,value
425,37.49416342295451,127.0764223250957,"스포츠, 취미활동, 카페, 스터디",morning,indoor,medium
426,37.43596732804181,127.09397033895796,"카페, 소셜, 취미활동, 문화예술",morning,indoor,medium
427,37.44932165872366,126.84663322982227,"스터디, 스포츠, 소셜",morning,indoor,low
428,37.661905818208915,127.00925720827887,"스터디, 취미활동, 스포츠, 맛집",night,outdoor,value
429,37.57305721433981,126.98559267926676,"스터디, 맛집",night,indoor,medium
430,37.65903971910244,126.8892248246171,"문화예술, 스터디",evening,indoor,medium
431,37.4095335453072,127.1128203077055,"카페, 스포츠, 취미활동, 맛집",night,indoor,low
432,37.4413655808068,127.07550501632454,"맛집, 소셜",afternoon,outdoor,high
433,37.44681074340199,127.13383638103811,"문화예술, 소셜, 맛집",night,indoor,high
434,37.48272722133238,126.88169870356487,"맛집, 문화예술, 스포츠",night,indoor,high
435,37.49354064108673,126.89990886497861,"문화예술, 취미활동",evening,outdoor,premium
436,37.58383875066095,127.17539286328567,"맛집, 소셜",night,outdoor,medium
437,37.47660091212897,126.84234972728525,"소셜, 카페, 취미활동, 스포츠",night,outdoor,medium
438,37.64819064492118,126.8167660866865,"스포츠, 맛집, 카페",morning,indoor,medium
439,37.46613380127363,127.15447270885174,"맛집, 문화예술, 스포츠",night,indoor,value
440,37.60323142136849,126.97138316153952,"소셜, 취미활동",night,indoor,high
441,37.51371214561491,127.16602429300688,"문화예술, 카페, 소셜, 스포츠",night,indoor,value
442,37.66530654513673,127.02376217029094,"소셜, 카페, 취미활동",afternoon,indoor,premium
443,37.601327947125796,127.12217201721839,"소셜, 맛집, 스터디, 카페",afternoon,indoor,value
444,37.581058641950335,127.06380239266053,"문화예술, 스포츠, 취미활동, 맛집",morning,indoor,value
445,37.49216492510638,127.01858341669126,"취미활동, 문화예술",afternoon,outdoor,low
446,37.50216345064397,127.12198549215971,"문화예술, 카페, 스터디, 소셜",morning,outdoor,medium
447,37.68447546133703,126.92184094230967,"소셜, 문화예술, 스포츠",morning,indoor,high
448,37.517868532667954,126.81146097103105,"취미활동, 문화예술",afternoon,outdoor,medium
449,37.692140124007146,127.01767946500148,"카페, 취미활동, 스포츠, 스터디",evening,indoor,medium
450,37.44900099442672,126.88871279127693,"카페, 맛집, 스포츠, 스터디",morning,indoor,high
451,37.66120653663723,126.83340996587201,"스터디, 카페",night,indoor,medium
452,37.565828710410074,126.88650021127461,"스포츠, 맛집",morning,outdoor,medium
453,37.603909165050005,126.82267217286633,"취미활동, 카페",night,indoor,value
454,37.66870698327999,126.91891488171252,"스포츠, 취미활동, 맛집",evening,indoor,medium
455,37.41358839308392,127.0625543437539,"스터디, 카페, 맛집, 취미활동",evening,indoor,medium
456,37.55138570738231,126.84691205912017,"카페, 소셜",afternoon,outdoor,medium
457,37.58581699080995,126.9644761903478,"문화예술, 맛집",afternoon,outdoor,medium
458,37.566857207789006,127.11180668056963,"맛집, 취미활동, 스포츠",afternoon,indoor,value
459,37.46309556688574,127.10614534554321,"맛집, 취미활동",afternoon,outdoor,medium
460,37.440524043867725,126.86071016394044,"스터디, 스포츠, 문화예술, 취미활동",evening,indoor,medium
461,37.46788172900096,127.07694172246177,"카페, 스터디, 스포츠",night,indoor,medium
462,37.61041498566791,126.84537632684156,"카페, 문화예술, 스포츠",night,indoor,value
463,37.42447961600145,126.90343663645392,"카페, 스터디, 취미활동",night,indoor,medium
464,37.689590817089126,126.82016670944088,"취미활동, 스포츠, 스터디, 맛집",night,indoor,low
465,37.67518041997331,126.96263621494379,"스포츠, 카페, 문화예술, 취미활동",night,outdoor,premium
466,37.60290832036182,127.07185327295805,"카페, 맛집, 스포츠",afternoon,indoor,value
467,37.438332395836994,126.97694661324097,"취미활동, 맛집",afternoon,outdoor,value
468,37.644030344697285,127.16970170984125,"스포츠, 문화예술",afternoon,outdoor,medium
469,37.40000921565361,127.08485481835224,"취미활동, 스포츠",morning,indoor,low
470,37.55433839832197,126.8340225541957,"맛집, 스포츠, 취미활동",morning,indoor,medium
471,37.49447553337667,126.8386579337151,"맛집, 스터디",evening,outdoor,premium
472,37.574814334803406,127.12498952841767,"스포츠, 소셜, 카페, 문화예술",afternoon,indoor,value
473,37.589718876939656,126.8513303448755,"맛집, 스포츠, 카페",evening,indoor,medium
474,37.427750131381686,127.11213914509607,"스포츠, 취미활동",morning,indoor,value
475,37.43241336781292,126.99139642804288,"스포츠, 문화예술, 맛집, 취미활동",evening,indoor,medium
476,37.47012223761102,127.05510965673824,"맛집, 스포츠, 스터디, 취미활동",evening,outdoor,medium
477,37.44617585293487,127.19081267061807,"카페, 스터디, 스포츠, 맛집",night,indoor,medium
478,37.56693939120465,126.94344863278144,"취미활동, 소셜, 맛집, 스포츠",morning,indoor,medium
479,37.68996425496563,127.05124781249744,"카페, 취미활동",night,outdoor,value
480,37.495394765402104,127.03189246645368,"맛집, 소셜, 스터디, 카페",morning,indoor,low
481,37.53552184279443,126.94189142269208,"취미활동, 스터디, 소셜, 맛집",morning,outdoor,value
482,37.532610026279336,127.05929338752314,"스터디, 스포츠",afternoon,indoor,value
483,37.543224856844105,127.04072269357818,"카페, 스터디, 문화예술, 소셜",morning,indoor,high
484,37.620309702947665,126.88353237419784,"소셜, 카페",afternoon,indoor,low
485,37.6409035644579,127.01611155727497,"취미활동, 맛집, 소셜",evening,outdoor,medium
486,37.66098134986931,126.94861860452795,"소셜, 스터디",morning,indoor,high
487,37.543051663319936,127.05203725074466,"취미활동, 카페, 스터디",afternoon,indoor,value
488,37.691282074881386,126.87086140928905,"취미활동, 문화예술, 맛집, 카페",afternoon,outdoor,high
489,37.54438338536577,127.12387001450635,"카페, 문화예술, 스포츠, 취미활동",afternoon,outdoor,value
490,37.50546267801491,127.04415099812734,"취미활동, 맛집, 카페",evening,indoor,low
491,37.67166165137867,127.1341490121137,"취미활동, 스포츠, 스터디, 문화예술",evening,outdoor,high
492,37.64777969256501,127.05258351703321,"소셜, 카페, 스터디",morning,indoor,low
493,37.543500644501165,126.80840844269048,"맛집, 스포츠, 카페, 스터디",afternoon,indoor,medium
494,37.42403171798288,126.97673348192077,"스포츠, 소셜, 문화예술",evening,indoor,medium
495,37.685724591798994,127.15342589134808,"스터디, 스포츠",night,outdoor,low
496,37.56980552746635,127.15121340513778,"스포츠, 맛집, 취미활동, 문화예술",night,indoor,low
497,37.55746999601775,126.98047727658029,"문화예술, 카페, 스터디, 스포츠",afternoon,outdoor,high
498,37.43698513378968,127.0074246754663,"카페, 취미활동",morning,indoor,low
499,37.51464184244977,127.02189272131294,"문화예술, 취미활동, 맛집",afternoon,outdoor,low
500,37.45312467661918,126.83936967564054,"소셜, 맛집, 취미활동, 스터디",evening,outdoor,medium
501,37.45370949123247,127.11900561811859,"카페, 맛집, 문화예술, 스포츠",afternoon,indoor,low
502,37.59423738222367,127.13750201759493,"취미활동, 스포츠, 카페, 맛집",evening,indoor,high
503,37.69346620055797,126.87235676055155,"맛집, 취미활동, 카페",afternoon,indoor,high
504,37.4178851976034,127.0768202212159,"스터디, 맛집, 소셜, 취미활동",afternoon,outdoor,value
505,37.589840783198454,127.10756801782847,"스포츠, 카페, 소셜",morning,indoor,low
506,37.522725544590465,126.94175087319445,"소셜, 카페, 스포츠, 문화예술",evening,outdoor,value
507,37.44843735021927,126.98869593500737,"문화예술, 스포츠, 소셜, 맛집",evening,indoor,value
508,37.56916787631662,126.90446497300434,"스포츠, 문화예술, 스터디, 취미활동",morning,outdoor,value
509,37.47839990536561,126.96763978916684,"문화예술, 소셜",morning,outdoor,low
510,37.4273926407634,126.9274758415962,"스터디, 소셜, 문화예술",afternoon,outdoor,low
511,37.52220965726385,127.00855080858949,"취미활동, 스터디, 소셜, 문화예술",afternoon,outdoor,value
512,37.57908356702395,127.12406443598388,"스터디, 소셜",evening,outdoor,value
513,37.45959337306922,126.89874281103829,"문화예술, 스터디",afternoon,indoor,medium
514,37.6169214908149,127.10906839525127,"소셜, 스터디",morning,indoor,value
515,37.679825881718095,126.80805513957971,"카페, 맛집",evening,indoor,medium
516,37.6990848252235,127.08806298437237,"카페, 스터디",evening,indoor,medium
517,37.441437587942076,127.14364470305877,"맛집, 소셜, 문화예술, 카페",night,indoor,value
518,37.64112657080353,126.83348997513814,"스포츠, 취미활동",morning,indoor,medium
519,37.45473741219575,127.1860838554183,"스터디, 취미활동, 카페, 문화예술",afternoon,indoor,value
520,37.493979942974185,127.05442736814089,"스포츠, 문화예술, 스터디",afternoon,indoor,value
521,37.669098586809326,127.13844968421209,"스터디, 맛집, 소셜, 카페",morning,outdoor,medium
522,37.432704084692276,126.89941592837097,"스터디, 맛집, 소셜",night,indoor,value
523,37.629395285115464,126.85867804560607,"스포츠, 맛집",night,indoor,high
524,37.49181414986863,126.825473907001,"문화예술, 취미활동, 스터디",evening,outdoor,low
525,37.48683226849046,127.11328618186268,"스포츠, 맛집, 소셜",evening,indoor,medium
526,37.49214369443126,127.14387183403214,"스포츠, 맛집, 소셜, 스터디",morning,indoor,high
527,37.45675873771711,127.08815359943458,"문화예술, 스터디, 소셜, 맛집",morning,indoor,value
528,37.61169061891069,127.16887677122051,"스터디, 스포츠",evening,outdoor,medium
529,37.50493881854228,127.14499860296064,"스포츠, 스터디, 문화예술, 카페",evening,indoor,value
530,37.69864224570405,127.16460589034634,"카페, 소셜, 취미활동, 문화예술",morning,outdoor,value
531,37.663974388018104,127.00220831668939,"카페, 소셜, 문화예술",morning,indoor,low
532,37.57860991104706,126.9660582615971,"카페, 문화예술, 소셜, 스터디",morning,indoor,high
533,37.476994162155826,127.10084573307878,"문화예술, 취미활동",morning,outdoor,medium
534,37.571228444287726,126.99148194318622,"맛집, 문화예술",afternoon,indoor,low
535,37.61985775619955,127.15047699130783,"문화예술, 스터디, 스포츠",evening,outdoor,value
536,37.47034984330223,127.09975160668967,"문화예술, 소셜",night,outdoor,value
537,37.50237333492731,126.97767336275135,"문화예술, 카페, 취미활동, 스터디",evening,outdoor,high
538,37.538220080072506,127.19553621652148,"스포츠, 스터디, 문화예술",night,indoor,medium
539,37.65725918232558,126.83894675751648,"카페, 스터디, 소셜",morning,indoor,high
540,37.50119918265373,127.13100947758153,"스포츠, 취미활동, 스터디, 소셜",afternoon,outdoor,premium
541,37.51306006410416,127.15036196999996,"스터디, 맛집",night,outdoor,medium
542,37.49438867268056,127.06960701395359,"문화예술, 취미활동, 스터디",evening,outdoor,low
543,37.457038629895614,127.12850006182389,"취미활동, 스터디, 소셜, 맛집",morning,indoor,low
544,37.544855382323036,126.88491425666743,"맛집, 스포츠",night,outdoor,high
545,37.58177785862428,127.00148335483362,"취미활동, 맛집, 문화예술, 스터디",afternoon,indoor,value
546,37.534160309664934,127.13192850588692,"취미활동, 스포츠, 문화예술",afternoon,outdoor,medium
547,37.466152636141,126.87438460302296,"스포츠, 문화예술, 카페",evening,indoor,premium
548,37.43474692467104,127.082382494632,"스터디, 소셜, 카페, 취미활동",afternoon,outdoor,low
549,37.58856992019419,127.05330528064377,"문화예술, 스포츠, 카페, 맛집",morning,outdoor,high
550,37.56855913694286,127.0685624290575,"취미활동, 문화예술, 스포츠, 스터디",afternoon,indoor,low
551,37.459006459193844,126.89499332206775,"소셜, 카페, 스포츠",afternoon,indoor,high
552,37.540712224255444,127.12037548861657,"스터디, 맛집",afternoon,indoor,medium
553,37.49483039346409,126.82229634143498,"취미활동, 스터디",morning,indoor,low
554,37.40181411295519,126.99354408754573,"맛집, 카페",afternoon,outdoor,value
555,37.53313140172767,126.91294716761706,"소셜, 문화예술",afternoon,indoor,low
556,37.43447190300857,126.80153485820311,"카페, 문화예술",evening,outdoor,medium
557,37.46497375568817,127.14905035419436,"맛집, 취미활동, 소셜, 카페",afternoon,outdoor,value
558,37.505494961702574,127.16381938920486,"소셜, 카페, 스터디",morning,indoor,value
559,37.695730474875724,127.11651371699868,"문화예술, 스터디, 맛집, 취미활동",afternoon,outdoor,medium
560,37.418752082453125,126.9549865855287,"카페, 맛집",night,outdoor,value
561,37.487573352049345,127.09944348343274,"소셜, 스터디, 문화예술, 맛집",morning,indoor,low
562,37.66938656485551,127.01001973609816,"취미활동, 스포츠",morning,outdoor,medium
563,37.693185146953084,126.8969414780547,"스포츠, 카페, 맛집",evening,indoor,low
564,37.61937517680421,127.10789864914284,"취미활동, 스포츠, 스터디",night,indoor,value
565,37.498352851365745,127.12629815225046,"스포츠, 카페",afternoon,indoor,low
566,37.63303953116259,127.1390190532219,"맛집, 소셜, 스터디, 스포츠",evening,indoor,high
567,37.45894609008686,126.88469834482096,"맛집, 문화예술",morning,outdoor,high
568,37.61577356017275,127.17206608114502,"문화예술, 스포츠, 소셜",night,indoor,medium
569,37.55974127236517,127.02576663511189,"문화예술, 스터디, 소셜",night,indoor,medium
570,37.67678112712819,127.10488482332568,"스터디, 카페",afternoon,indoor,value
571,37.48389089554796,126.85454813098703,"스터디, 카페, 맛집, 취미활동",night,indoor,high
572,37.48302623958539,127.02326847355617,"스포츠, 카페",afternoon,indoor,high
573,37.411013883044916,126.98990760241746,"스터디, 카페, 문화예술, 맛집",night,outdoor,low
574,37.60182679587408,126.93490675842169,"소셜, 문화예술, 취미활동",afternoon,outdoor,value
575,37.47660600506867,127.1311905854009,"소셜, 스터디",afternoon,indoor,medium
576,37.43539174508842,126.81806054576491,"카페, 스터디, 취미활동, 문화예술",night,outdoor,value
577,37.57328392419114,127.02836282150086,"취미활동, 소셜, 카페, 문화예술",afternoon,indoor,medium
578,37.660567108474844,127.02585594315848,"취미활동, 소셜, 스포츠",morning,outdoor,medium
579,37.62733296811255,126.9127673422389,"스포츠, 문화예술, 소셜",morning,indoor,value
580,37.47492325376881,126.93731019562578,"취미활동, 카페",afternoon,indoor,low
581,37.65820034653667,127.0779673519126,"스터디, 스포츠, 취미활동, 소셜",evening,outdoor,high
582,37.56120214905295,126.8767821755983,"맛집, 스터디, 카페, 소셜",night,outdoor,low
583,37.5876434181274,126.86194302963153,"취미활동, 스포츠, 카페",afternoon,indoor,value
584,37.5328488111153,127.13890776398509,"맛집, 카페, 문화예술",morning,indoor,value
585,37.5337476649481,127.12666209728066,"카페, 취미활동",night,indoor,medium
586,37.69308966383799,126.87477257177657,"맛집, 스포츠",evening,outdoor,medium
587,37.61024252540052,127.10612651981016,"취미활동, 소셜, 스터디",night,outdoor,low
588,37.46104639836659,127.181821536967,"문화예술, 스포츠, 맛집, 카페",evening,outdoor,medium
589,37.59211422399327,127.14020169133144,"스터디, 카페",evening,outdoor,value
590,37.53337205032083,127.09694797483591,"소셜, 카페, 스터디, 취미활동",afternoon,outdoor,value
591,37.659671366028434,127.03088642920358,"스터디, 문화예술, 카페",afternoon,indoor,medium
592,37.5755890485003,126.90256521107958,"맛집, 스터디, 카페",morning,outdoor,medium
593,37.54006342973693,126.9438879447641,"스포츠, 문화예술, 스터디, 맛집",morning,outdoor,high
594,37.42496691986242,127.1451838493252,"스터디, 스포츠, 맛집",evening,indoor,low
595,37.41866152745771,127.12908116868688,"취미활동, 스포츠",night,indoor,value
596,37.45270162998677,127.00527595668393,"취미활동, 문화예술, 스포츠",night,outdoor,value
597,37.6461633943238,126.80285683270729,"소셜, 맛집, 카페, 취미활동",night,indoor,low
598,37.61168459143529,127.00862039356439,"스포츠, 문화예술",morning,outdoor,value
599,37.40583441511043,126.87551761110937,"맛집, 카페",night,outdoor,value
600,37.5828517673015,127.0273727817322,"소셜, 스터디, 취미활동, 스포츠",evening,indoor,value
601,37.54622189093024,127.17814865984592,"문화예술, 맛집, 카페",night,outdoor,medium
602,37.49729866374109,127.18085756683054,"카페, 맛집, 스터디",evening,indoor,premium
603,37.53186888253187,127.00418405253858,"소셜, 문화예술, 취미활동, 스포츠",evening,indoor,low
604,37.67287861733329,126.80247352905636,"맛집, 소셜, 문화예술",afternoon,outdoor,medium
605,37.40721237120993,127.01365587845427,"스터디, 문화예술, 스포츠",afternoon,outdoor,medium
606,37.52169357783417,126.86766475753697,"소셜, 문화예술, 스포츠, 취미활동",afternoon,indoor,low
607,37.554550108515976,127.19611406823398,"스터디, 소셜",night,indoor,high
608,37.409716741332794,126.93433739481573,"맛집, 문화예술, 스터디, 소셜",evening,indoor,value
609,37.44306342678313,126.87416354014962,"카페, 문화예술",evening,indoor,value
610,37.57076193893883,127.14719185069237,"스터디, 스포츠, 취미활동",afternoon,outdoor,medium
611,37.61545038426816,126.84976875474075,"맛집, 소셜, 스포츠",evening,outdoor,value
612,37.45190716092535,126.90670882544957,"카페, 스터디, 맛집",night,outdoor,low
613,37.61334802625833,126.80271861943444,"문화예술, 스터디, 맛집, 카페",night,outdoor,value
614,37.52153241637636,126.80108325992818,"카페, 스터디, 스포츠",evening,outdoor,low
615,37.48348029824563,126.95816730809695,"카페, 문화예술, 스포츠, 스터디",evening,indoor,high
616,37.45972802598078,126.93912893897321,"스터디, 스포츠, 문화예술",evening,indoor,high
617,37.61672341533907,126.80295676057771,"스터디, 취미활동, 카페",morning,indoor,value
618,37.61498188968801,126.94346454521059,"취미활동, 맛집, 스터디, 스포츠",night,indoor,medium
619,37.493850259257265,126.82436221729407,"소셜, 문화예술, 스포츠",morning,outdoor,medium
620,37.491228390791385,127.12465080577795,"스포츠, 취미활동, 맛집",evening,outdoor,premium
621,37.58290457248273,127.16603938179601,"맛집, 카페",morning,indoor,value
622,37.6667001832444,127.02772199376489,"스포츠, 문화예술",afternoon,outdoor,value
623,37.4373840157035,127.06099038220289,"소셜, 스포츠, 문화예술, 맛집",afternoon,indoor,value
624,37.49123715484041,127.04844252996408,"문화예술, 취미활동, 맛집, 카페",afternoon,outdoor,medium
625,37.59392221256843,126.98334539177053,"맛집, 카페",evening,indoor,high
626,37.44002490065696,127.07665736078933,"문화예술, 스포츠, 맛집",afternoon,indoor,low
627,37.54017829880225,126.84268472764094,"소셜, 스포츠, 스터디",evening,indoor,low
628,37.477243764947744,126.85426458686415,"문화예술, 스터디",morning,indoor,value
629,37.59173235409841,126.9363847894572,"소셜, 취미활동, 문화예술",night,indoor,medium
630,37.61759791722076,127.13455143096417,"취미활동, 스터디",evening,indoor,low
631,37.56175732385409,126.90203737313296,"취미활동, 문화예술, 스터디, 스포츠",morning,outdoor,value
632,37.57780881999287,127.13001412765712,"스포츠, 취미활동, 문화예술, 스터디",morning,indoor,value
633,37.41981659234665,127.1890272942599,"카페, 스포츠",morning,outdoor,medium
634,37.48044296888357,126.92626739246562,"카페, 스포츠, 문화예술",afternoon,outdoor,low
635,37.423090754902404,127.06830601017721,"맛집, 스포츠",afternoon,indoor,medium
636,37.601498069299375,126.93356098861062,"맛집, 스터디, 소셜",night,outdoor,high
637,37.60513646026696,127.10124753887187,"소셜, 카페, 문화예술",afternoon,indoor,low
638,37.55763353790866,126.84379638902178,"카페, 맛집, 소셜",evening,outdoor,value
639,37.47812093263637,127.13535985523687,"문화예술, 취미활동",night,outdoor,medium
640,37.4917440533851,127.1036955918628,"스터디, 취미활동, 소셜, 카페",evening,outdoor,medium
641,37.58548550630412,127.11258483550189,"소셜, 문화예술",afternoon,outdoor,high
642,37.529596811439035,126.81320477436013,"맛집, 카페, 소셜",morning,indoor,low
643,37.46351431164439,126.85769600844723,"취미활동, 스터디, 맛집",evening,outdoor,value
644,37.626448237508704,126.92378503057847,"문화예술, 스터디, 취미활동, 맛집",evening,outdoor,low
645,37.64991027918232,126.98312197302369,"카페, 스터디, 문화예술, 취미활동",night,indoor,high
646,37.69049808802978,126.9811533441662,"스터디, 취미활동",night,indoor,medium
647,37.55443527047994,127.00530420182818,"맛집, 스터디, 카페, 스포츠",morning,indoor,low
648,37.50621936870653,127.06232830693097,"카페, 맛집, 취미활동, 스포츠",afternoon,indoor,value
649,37.553156078389655,126.85623676726935,"카페, 취미활동, 문화예술, 스포츠",evening,outdoor,low
650,37.439542048969,127.15481709777879,"문화예술, 스터디, 맛집",afternoon,indoor,medium
651,37.53132951649644,126.92414835564324,"스터디, 소셜",morning,indoor,value
652,37.47585122020708,126.8269138451686,"문화예술, 카페, 소셜, 맛집",morning,indoor,low
653,37.48986689588447,126.98309752686649,"스터디, 문화예술, 카페",morning,outdoor,value
654,37.41385894496049,127.03183869096507,"스포츠, 취미활동, 문화예술",afternoon,indoor,high
655,37.603666201156635,126.89471903418247,"소셜, 맛집",night,indoor,medium
656,37.55652002565598,126.88528157255566,"카페, 문화예술, 취미활동",morning,outdoor,value
657,37.55436853710449,127.08358570684952,"소셜, 문화예술, 카페",evening,outdoor,high
658,37.635951714058436,126.89748328476173,"취미활동, 소셜",morning,outdoor,value
659,37.438343553308115,127.03289497952103,"소셜, 문화예술, 스터디",evening,outdoor,value
660,37.665978632450724,126.96437702094005,"소셜, 스포츠, 맛집",afternoon,indoor,high
661,37.470942473671606,126.8846026997127,"카페, 스포츠, 소셜",evening,indoor,medium
662,37.5220321245716,127.10494448548287,"맛집, 스터디, 취미활동",night,outdoor,high
663,37.625163249126125,127.09856793200395,"스포츠, 스터디, 맛집",morning,indoor,medium
664,37.58840913937086,127.13197583728498,"카페, 취미활동, 스포츠, 스터디",afternoon,indoor,medium
665,37.58804078901945,126.94349700421715,"스터디, 취미활동",evening,indoor,value
666,37.535339020939354,127.08747970638912,"스터디, 카페",evening,outdoor,medium
667,37.5006220440489,127.18090560581335,"스포츠, 카페",evening,outdoor,medium
668,37.45448942656365,126.92095829612157,"취미활동, 카페, 문화예술, 스터디",morning,indoor,value
669,37.51461616475332,126.81129150386028,"스포츠, 문화예술",evening,outdoor,value
670,37.688663873034784,127.18579529000955,"문화예술, 스터디",morning,outdoor,medium
671,37.49927442973406,126.89931499185234,"취미활동, 카페, 스포츠, 소셜",night,indoor,medium
672,37.52333818347781,126.89373002626022,"문화예술, 스포츠, 취미활동, 카페",evening,indoor,low
673,37.44789990481014,127.11603329998857,"스터디, 스포츠, 취미활동, 문화예술",morning,indoor,low
674,37.64328055780179,126.96014265073593,"문화예술, 스터디, 카페",afternoon,indoor,medium
675,37.6441130812272,126.88684129178796,"소셜, 스터디",afternoon,outdoor,high
676,37.51310231358762,127.18597144060074,"맛집, 스포츠",evening,outdoor,low
677,37.67968006517629,127.06637886643219,"스터디, 소셜, 취미활동, 문화예술",morning,indoor,premium
678,37.55096612445759,127.10605953994451,"카페, 스포츠",afternoon,indoor,high
679,37.68870141724437,127.00734618533413,"맛집, 문화예술",morning,indoor,value
680,37.55056085930735,126.9819827518911,"스터디, 맛집",afternoon,outdoor,medium
681,37.688928239269345,127.16701795783854,"카페, 취미활동, 맛집",afternoon,indoor,high
682,37.636674188889764,126.89347617953014,"스포츠, 취미활동",evening,indoor,value
683,37.4381331472601,126.97101674214389,"문화예술, 취미활동, 스터디",night,indoor,value
684,37.542363305047566,126.94459485992873,"맛집, 카페",afternoon,indoor,value
685,37.416629896682366,127.02167506040192,"스포츠, 문화예술, 취미활동, 카페",morning,indoor,value
686,37.50021366452599,126.8427283971856,"스터디, 맛집",afternoon,outdoor,low
687,37.66319292085791,126.91614475414667,"취미활동, 맛집, 카페",afternoon,indoor,value
688,37.53732938381124,127.10380805948678,"소셜, 맛집, 스터디",afternoon,indoor,medium
689,37.46149376984777,127.09679815645048,"맛집, 취미활동, 스터디",evening,indoor,high
690,37.48453920511895,126.90701081209933,"스터디, 스포츠, 문화예술",afternoon,indoor,low
691,37.4103952129442,126.8508899547748,"문화예술, 맛집",morning,outdoor,medium
692,37.401175512485324,127.19978427242387,"스터디, 문화예술, 스포츠",evening,outdoor,medium
693,37.51279136657874,127.10252403879213,"맛집, 스포츠, 스터디",afternoon,indoor,value
694,37.64054776996266,126.98654983780182,"취미활동, 스포츠, 카페, 스터디",night,outdoor,medium
695,37.58752746580596,127.1784747575965,"스포츠, 카페, 문화예술, 소셜",evening,outdoor,low
696,37.62368849975615,127.19824762384908,"맛집, 소셜, 스포츠, 스터디",night,outdoor,low
697,37.5222223644064,127.19462779631174,"스포츠, 카페, 맛집",morning,outdoor,value
698,37.55810228737446,127.02463780308487,"취미활동, 문화예술, 맛집, 스터디",night,indoor,value
699,37.69103506592553,126.80879272592385,"취미활동, 맛집, 카페, 문화예술",morning,indoor,value
700,37.69995477334592,126.8008736571429,"스포츠, 소셜, 취미활동",afternoon,indoor,value
701,37.676012015763774,127.06010202843747,"맛집, 스포츠",evening,outdoor,high
702,37.43699554732259,126.96038813067534,"스포츠, 카페, 스터디, 문화예술",evening,outdoor,low
703,37.61216849850063,126.87615271451881,"카페, 문화예술, 소셜",afternoon,indoor,low
704,37.5170715648752,127.03142557291174,"스포츠, 카페",night,indoor,medium
705,37.66004644570655,127.15758922298501,"스포츠, 취미활동, 스터디, 카페",morning,indoor,value
706,37.45625816687365,126.80422065472635,"스터디, 문화예술, 취미활동, 소셜",afternoon,indoor,value
707,37.585874777848126,127.06539613805148,"스터디, 스포츠, 문화예술, 취미활동",evening,outdoor,high
708,37.65276146881959,127.00035064235584,"스터디, 맛집, 문화예술, 스포츠",afternoon,outdoor,value
709,37.535826301312625,127.13421608981749,"문화예술, 스터디",night,outdoor,value
710,37.55266557655227,126.82497770998957,"맛집, 스터디",night,indoor,medium
711,37.44283569100036,126.95577387203107,"카페, 스터디",evening,outdoor,premium
712,37.617367372747644,126.9246049196056,"소셜, 스터디, 취미활동",evening,outdoor,low
713,37.580327350218894,127.13944262075951,"소셜, 문화예술, 맛집, 카페",morning,indoor,medium
714,37.573156002866995,127.05908802176825,"맛집, 카페",afternoon,outdoor,medium
715,37.45800177008361,127.18029788528507,"스터디, 취미활동",evening,outdoor,high
716,37.55261179526488,126.89724981216906,"취미활동, 스터디",evening,indoor,value
717,37.60160592865416,127.05417116828119,"맛집, 스포츠, 카페",evening,indoor,low
718,37.40220734888762,127.00728229287301,"취미활동, 문화예술, 소셜",night,indoor,medium
719,37.60208294959901,126.82595971181536,"문화예술, 카페, 스터디",night,outdoor,medium
720,37.44928113483678,127.00148777383598,"취미활동, 스포츠, 카페, 소셜",night,outdoor,medium
721,37.57443618437859,127.17910783281286,"맛집, 문화예술, 소셜, 스터디",afternoon,outdoor,medium
722,37.58855117002507,127.02290073332736,"맛집, 소셜, 문화예술, 스터디",morning,indoor,high
723,37.442152190932575,126.97718040429918,"스터디, 맛집, 소셜",afternoon,indoor,value
724,37.46105333249957,127.14934444713657,"소셜, 취미활동, 카페, 스포츠",morning,outdoor,medium
725,37.505669292521226,127.14262879547334,"카페, 문화예술, 맛집",morning,indoor,value
726,37.41747134924608,126.904909728726,"스포츠, 스터디",afternoon,indoor,medium
727,37.47564318675168,126.99632412050721,"스터디, 스포츠",morning,outdoor,medium
728,37.612382274722,127.0854608297975,"문화예술, 스터디",night,outdoor,low
729,37.52929636179716,126.91526580915358,"스포츠, 문화예술, 소셜, 카페",night,outdoor,premium
730,37.41232470948667,126.93891538972228,"맛집, 문화예술",night,outdoor,high
731,37.561436303011945,126.82822002548396,"취미활동, 스포츠, 소셜, 스터디",evening,outdoor,medium
732,37.677397582874676,127.00685275680425,"스터디, 문화예술, 맛집",night,indoor,medium
733,37.45845214749661,126.99653217276486,"취미활동, 스포츠, 문화예술, 소셜",afternoon,indoor,high
734,37.471462830642686,126.95546990026838,"소셜, 취미활동",morning,indoor,value
735,37.42401902075869,126.98978127193782,"카페, 문화예술",evening,indoor,medium
736,37.634854585396,127.13820432433623,"문화예술, 소셜",evening,indoor,high
737,37.58819424110308,126.98867950675648,"문화예술, 소셜, 취미활동",morning,indoor,low
738,37.507839386556185,127.14334776268787,"스포츠, 맛집",morning,outdoor,high
739,37.41840316234516,127.08582493843727,"문화예술, 취미활동",night,indoor,high
740,37.601592841378114,126.89627263589036,"맛집, 카페",afternoon,indoor,value
741,37.407768821074846,126.91408469786133,"소셜, 맛집",morning,indoor,medium
742,37.52100929150791,127.07058885739697,"문화예술, 카페",night,indoor,medium
743,37.40175941836615,126.83140394738145,"문화예술, 소셜",night,outdoor,premium
744,37.59863354774245,127.16503973823656,"맛집, 스포츠, 카페",afternoon,indoor,medium
745,37.47496628192927,126.9424999578415,"취미활동, 맛집, 문화예술",afternoon,indoor,value
746,37.40873713549673,127.10764309740293,"소셜, 맛집, 스터디, 문화예술",evening,indoor,medium
747,37.43502437083064,126.85162604993162,"스터디, 맛집",afternoon,outdoor,medium
748,37.41090222449487,126.84073890605696,"스터디, 취미활동, 문화예술, 스포츠",afternoon,outdoor,medium
749,37.562248119191466,127.12734425655809,"취미활동, 스포츠, 문화예술, 소셜",night,indoor,low
750,37.678937516789155,127.17914537679962,"소셜, 스포츠, 취미활동",night,indoor,high
751,37.46802026806951,127.04079254118979,"취미활동, 카페, 소셜, 문화예술",afternoon,outdoor,value
752,37.66767137466143,126.97237653460733,"카페, 스포츠, 소셜, 맛집",evening,outdoor,value
753,37.41967372179399,127.09176617949062,"스포츠, 소셜, 스터디",morning,indoor,value
754,37.421853589263556,127.17305587751997,"취미활동, 맛집, 스포츠",night,indoor,low
755,37.657623490558876,127.05351331389892,"맛집, 스포츠",night,outdoor,low
756,37.492810568624,127.07765266159049,"맛집, 스터디, 문화예술",afternoon,indoor,value
757,37.46533424053027,127.0708151259528,"스포츠, 스터디",afternoon,indoor,value
758,37.49135695674541,126.80994380636632,"취미활동, 소셜, 문화예술",evening,indoor,value
759,37.5984398615971,127.16130944889557,"맛집, 카페, 문화예술",night,indoor,value
760,37.426801970687556,126.97511259091985,"소셜, 취미활동, 스포츠",evening,indoor,medium
761,37.4268956693707,126.93494363134292,"취미활동, 맛집, 문화예술, 스포츠",morning,indoor,high
762,37.50337897871809,126.86439377267494,"취미활동, 스터디, 스포츠, 카페",night,outdoor,low
763,37.57105616473994,127.14473752931794,"문화예술, 스터디",morning,outdoor,high
764,37.567363755073366,126.92172303672834,"취미활동, 맛집",evening,indoor,premium
765,37.41895648378235,127.03927499997542,"문화예술, 스터디, 소셜, 카페",night,indoor,value
766,37.47928992583213,126.91489653918994,"문화예술, 카페",morning,outdoor,medium
767,37.696783983531915,126.82189799290384,"스터디, 취미활동, 소셜",afternoon,indoor,medium
768,37.68161579059336,127.12203735071981,"카페, 스포츠, 맛집, 취미활동",night,indoor,value
769,37.540216200634376,126.91423184649545,"맛집, 카페, 소셜",evening,outdoor,low
770,37.465816816758874,126.98574009995285,"소셜, 문화예술",evening,outdoor,high
771,37.42992906731085,126.82180475596434,"문화예술, 스포츠",evening,outdoor,value
772,37.57928395727974,127.12377099538513,"카페, 소셜",night,indoor,premium
773,37.555279839516146,126.8497736831787,"스포츠, 카페, 문화예술",morning,indoor,high
774,37.50899677162587,126.95611516346526,"스포츠, 카페",afternoon,outdoor,low
775,37.55433573032046,126.93239677904135,"취미활동, 카페",evening,indoor,value
776,37.51582975665124,127.07592947715905,"스포츠, 스터디",evening,indoor,value
777,37.467845479940635,127.14913209366134,"소셜, 맛집, 스터디, 문화예술",evening,indoor,medium
778,37.44568707412029,126.90559020788393,"취미활동, 카페, 문화예술, 맛집",morning,indoor,medium
779,37.45733168680734,127.10750567228847,"스터디, 취미활동, 소셜",night,indoor,low
780,37.67951942742615,126.88274875016891,"스터디, 스포츠, 취미활동",morning,outdoor,value
781,37.51507021730219,126.9966951772076,"문화예술, 소셜, 맛집, 취미활동",afternoon,indoor,low
782,37.65765247502428,127.05154925776532,"소셜, 문화예술, 스터디",evening,indoor,low
783,37.524821201122606,127.19114147740072,"소셜, 스터디",evening,outdoor,medium
784,37.64365387618783,127.14640927627225,"스터디, 스포츠, 맛집",evening,indoor,medium
785,37.61659494408549,127.14475005960632,"맛집, 카페, 취미활동, 문화예술",afternoon,indoor,value
786,37.62989122133567,126.99917943703291,"문화예술, 소셜, 맛집, 취미활동",afternoon,indoor,medium
787,37.468601225415384,127.15299804202726,"취미활동, 카페, 맛집",night,outdoor,value
788,37.52409336941831,126.91712514669487,"스포츠, 취미활동, 맛집, 소셜",afternoon,outdoor,medium
789,37.526548950656796,127.07652070773409,"스터디, 스포츠",afternoon,indoor,medium
790,37.52400273796136,127.01864597586547,"스포츠, 카페, 취미활동, 스터디",evening,indoor,value
791,37.50580733605092,126.93028088463107,"취미활동, 문화예술, 소셜",morning,indoor,value
792,37.47198467111709,126.8333516215075,"맛집, 소셜",afternoon,outdoor,value
793,37.411639836418665,126.87470901129245,"취미활동, 스터디, 문화예술",morning,indoor,medium
794,37.47461761813719,126.80619929673047,"스포츠, 문화예술",morning,indoor,low
795,37.66825464758497,126.89126636550036,"맛집, 문화예술, 소셜, 취미활동",night,outdoor,premium
796,37.51504433677251,126.86089128556675,"스포츠, 취미활동",night,outdoor,value
797,37.69904231380366,126.8614736543229,"소셜, 취미활동, 맛집",evening,outdoor,medium
798,37.60646567582232,127.11400273448331,"문화예술, 취미활동",afternoon,indoor,value
799,37.54713472902078,126.8478987154002,"맛집, 취미활동",morning,indoor,medium
800,37.439304385595136,127.040382877999,"문화예술, 취미활동, 스터디",evening,indoor,value
801,37.466435267411974,127.12224331552572,"스터디, 취미활동, 맛집",night,indoor,medium
802,37.48930362756871,126.81317914729821,"스터디, 소셜",morning,outdoor,medium
803,37.62680127253223,126.98092561402053,"스터디, 소셜, 취미활동, 문화예술",evening,indoor,medium
804,37.687707252791895,127.04536073860886,"카페, 문화예술, 소셜",night,indoor,value
805,37.67548551061399,126.96321618464113,"문화예술, 스포츠",evening,indoor,medium
806,37.63186417323906,126.99674712876688,"취미활동, 소셜, 카페, 문화예술",afternoon,outdoor,value
807,37.683536734623466,126.91306694421647,"문화예술, 카페, 맛집",afternoon,indoor,medium
808,37.69523566514788,127.09450157918418,"소셜, 스터디, 문화예술, 스포츠",afternoon,outdoor,low
809,37.66736023922054,127.00226254297209,"스터디, 취미활동, 소셜, 카페",morning,outdoor,medium
810,37.552558229532075,126.92738078672232,"스포츠, 취미활동",afternoon,indoor,medium
811,37.53155240500969,127.04440936461677,"스터디, 카페, 스포츠",morning,outdoor,value
812,37.64232178796021,126.94255619971996,"맛집, 스포츠, 취미활동",night,indoor,premium
813,37.522868278178755,127.11203360949399,"카페, 스터디, 취미활동",morning,indoor,value
814,37.581521376031326,127.02395621273831,"카페, 취미활동, 문화예술, 스터디",morning,outdoor,medium
815,37.67973319351321,127.17892275969479,"맛집, 취미활동, 소셜, 스터디",night,outdoor,high
816,37.47582975798535,126.96265461075399,"문화예술, 스터디, 맛집",evening,indoor,high
817,37.43222429763087,126.84046552460701,"맛집, 취미활동, 카페",evening,outdoor,high
818,37.47655466863227,127.1433881010393,"소셜, 취미활동, 맛집",afternoon,indoor,high
819,37.66628249884819,126.94714027784298,"문화예술, 취미활동, 맛집",morning,outdoor,high
820,37.41411835936308,127.0674186780456,"스터디, 소셜, 카페",evening,indoor,low
821,37.5885268486753,126.95797807440859,"취미활동, 스터디",morning,indoor,low
822,37.60098604725777,126.80016061761013,"문화예술, 취미활동",night,outdoor,low
823,37.43698517823572,126.85898104018996,"취미활동, 카페, 스터디, 스포츠",afternoon,indoor,high
824,37.5977104043297,126.82018222824804,"맛집, 카페, 취미활동",morning,indoor,medium
825,37.56644773895099,126.93640806890241,"맛집, 카페, 문화예술, 스터디",night,indoor,low
826,37.546240350639195,126.9456484227366,"스터디, 문화예술",afternoon,outdoor,medium
827,37.61417028001898,126.99200740393785,"카페, 소셜, 맛집",morning,indoor,premium
828,37.411787583545205,127.06196284925915,"취미활동, 스터디, 소셜, 맛집",morning,indoor,high
829,37.644022068069404,127.09713251058628,"스터디, 맛집",morning,outdoor,low
830,37.424212536258196,127.1971083946051,"맛집, 문화예술, 스터디",night,indoor,value
831,37.50494100635348,126.96993141327076,"소셜, 취미활동, 맛집, 스터디",evening,indoor,value
832,37.41266014057439,126.99851805020026,"문화예술, 맛집, 스포츠",night,outdoor,low
833,37.66260897197023,127.08179745456468,"카페, 취미활동, 문화예술, 소셜",morning,outdoor,value
834,37.55440085721555,126.84228024155172,"맛집, 카페, 문화예술",evening,outdoor,medium
835,37.449082526253115,126.94510685325498,"소셜, 카페, 문화예술, 스포츠",morning,indoor,low
836,37.60623105828226,126.93016731227304,"문화예술, 스터디",morning,outdoor,low
837,37.44874952464233,127.15801354354137,"취미활동, 맛집, 카페",afternoon,outdoor,value
838,37.54870723106861,126.93309366159355,"스포츠, 맛집",morning,indoor,value
839,37.6063730274366,127.14558192880381,"맛집, 취미활동, 카페, 소셜",evening,indoor,low
840,37.54075324882783,126.94708340325101,"카페, 취미활동, 스포츠",morning,outdoor,low
841,37.46311162445895,126.80921883536264,"문화예술, 취미활동, 스터디",evening,indoor,high
842,37.42254288595328,126.85368097053053,"취미활동, 카페",evening,outdoor,medium
843,37.458532646007264,127.15704453121766,"맛집, 카페, 소셜, 취미활동",afternoon,indoor,medium
844,37.477128826818536,126.99178199125991,"소셜, 맛집",afternoon,outdoor,low
845,37.584250655095666,126.93365720895355,"맛집, 소셜",morning,indoor,value
846,37.40382962795537,127.1486207425833,"문화예술, 카페, 맛집, 스터디",evening,indoor,low
847,37.66331388820908,127.12525999534553,"맛집, 취미활동",night,indoor,high
848,37.65833405601843,126.8313352871048,"스포츠, 문화예술, 맛집, 카페",evening,indoor,high
849,37.482871682486945,127.11695631014352,"스터디, 카페",afternoon,outdoor,value
850,37.40677057496071,126.8451432578851,"소셜, 카페, 스터디",evening,indoor,value
851,37.51081479427478,127.00232368903693,"소셜, 스터디, 카페",evening,outdoor,high
852,37.52825171111401,126.90889621700242,"문화예술, 소셜",morning,indoor,value
853,37.51810456579718,126.8767492737618,"카페, 소셜, 맛집, 취미활동",afternoon,outdoor,value
854,37.68254495001505,127.04149771542531,"카페, 소셜",evening,outdoor,value
855,37.55236922480101,127.01143368057498,"맛집, 카페",afternoon,outdoor,low
856,37.649671732012536,126.90991912430717,"취미활동, 맛집",night,indoor,value
857,37.67499293080818,127.08219866077386,"취미활동, 스터디, 소셜",night,indoor,medium
858,37.52523448516894,127.09227160461135,"맛집, 취미활동",evening,outdoor,value
859,37.43526717473628,127.19608901384603,"취미활동, 스포츠",morning,indoor,value
860,37.67121049593637,126.92807246697137,"문화예술, 취미활동, 스포츠",morning,outdoor,medium
861,37.67057483235137,126.95887475452685,"문화예술, 맛집, 스터디, 소셜",evening,indoor,medium
862,37.44717069952827,127.07624909683254,"취미활동, 맛집",morning,outdoor,value
863,37.5465814777634,127.04128885426319,"스터디, 문화예술",afternoon,outdoor,high
864,37.56710204189394,127.15758906736977,"스터디, 카페, 문화예술, 스포츠",morning,indoor,value
865,37.54505662020949,127.07417620894851,"소셜, 문화예술",night,indoor,low
866,37.61489760304281,127.06775416946795,"취미활동, 맛집, 문화예술",morning,indoor,high
867,37.6013664669039,126.81257838202357,"카페, 문화예술, 맛집, 스포츠",morning,outdoor,high
868,37.558343632488686,127.00705193135919,"스포츠, 문화예술, 맛집, 카페",afternoon,outdoor,medium
869,37.58447090437008,126.99296944063789,"취미활동, 맛집",morning,indoor,value
870,37.66433154450697,126.90266467595836,"취미활동, 카페, 맛집, 스터디",night,indoor,low
871,37.613379747413134,126.83999409899351,"소셜, 취미활동, 스포츠, 문화예술",afternoon,outdoor,value
872,37.65223552158174,126.81337061323728,"스터디, 스포츠, 취미활동, 맛집",afternoon,indoor,value
873,37.527767946511005,127.1942096533021,"스포츠, 취미활동, 문화예술",afternoon,indoor,low
874,37.562715968057134,127.01098258548869,"취미활동, 문화예술, 소셜",night,outdoor,value
875,37.61809337585853,127.03193369531243,"카페, 문화예술, 맛집",night,outdoor,low
876,37.41393009664484,126.80549327523303,"취미활동, 문화예술, 스터디",afternoon,outdoor,low
877,37.62451257482846,126.90481400180275,"카페, 스터디",morning,outdoor,medium
878,37.587410200821985,126.91301634546498,"맛집, 취미활동, 소셜, 스포츠",evening,outdoor,medium
879,37.49733146859052,126.93368613490405,"문화예술, 카페, 스포츠, 맛집",evening,outdoor,medium
880,37.40924738560981,127.15168173503416,"스포츠, 소셜, 문화예술",night,indoor,value
881,37.51759032208234,126.90544217592276,"맛집, 소셜, 문화예술, 스포츠",morning,indoor,medium
882,37.48080791019906,127.12026557661012,"스터디, 맛집",morning,outdoor,value
883,37.65332070295716,126.89568928546635,"스포츠, 카페",evening,indoor,low
884,37.59598686227041,126.8281472431624,"취미활동, 소셜",evening,indoor,value
885,37.683228435779114,126.93437846135157,"스포츠, 문화예술, 취미활동, 카페",morning,indoor,value
886,37.46224083141766,127.16234007683953,"맛집, 스포츠, 취미활동",night,indoor,high
887,37.60407132615314,127.13698279444736,"스포츠, 취미활동, 문화예술",night,outdoor,value
888,37.47502474067418,127.13462095646784,"카페, 소셜, 취미활동, 맛집",evening,indoor,value
889,37.48696420386016,126.80580603781104,"취미활동, 맛집, 문화예술, 소셜",night,outdoor,value
890,37.57991132402243,127.11059475252627,"취미활동, 스터디, 스포츠",evening,outdoor,high
891,37.516589687119655,126.9663958431901,"스포츠, 카페, 문화예술",afternoon,indoor,medium
892,37.68349011909203,126.99272137701557,"맛집, 스포츠, 취미활동, 문화예술",afternoon,indoor,medium
893,37.668951275287704,127.19307201948898,"스포츠, 취미활동, 소셜, 맛집",night,indoor,high
894,37.54359346116516,126.81786448655156,"맛집, 소셜, 문화예술",morning,indoor,medium
895,37.603917738800526,127.04361157788277,"맛집, 스포츠, 소셜, 스터디",morning,outdoor,low
896,37.41126569601801,126.92640188914656,"소셜, 맛집, 취미활동, 카페",morning,indoor,high
897,37.57901689703186,126.93488081406758,"소셜, 카페, 취미활동, 맛집",afternoon,indoor,low
898,37.44917607861408,126.95256352396125,"문화예술, 카페",night,outdoor,premium
899,37.42369417980987,127.0773189874206,"문화예술, 스포츠, 취미활동",afternoon,outdoor,medium
900,37.57593785371244,126.90449805298144,"스터디, 스포츠, 취미활동",evening,indoor,medium
901,37.47020158614811,126.83375517915799,"스포츠, 문화예술",morning,indoor,high
902,37.40551149636143,126.90820871206874,"맛집, 카페, 문화예술, 취미활동",afternoon,indoor,value
903,37.535978531757756,127.1168759753101,"스터디, 취미활동, 소셜, 스포츠",morning,indoor,medium
904,37.48194788611098,126.88380768972502,"취미활동, 소셜",night,indoor,medium
905,37.676771721471745,127.02738888086273,"스터디, 문화예술",night,indoor,high
906,37.65291108407831,126.95952861076962,"문화예술, 취미활동, 스터디",night,outdoor,medium
907,37.5493607541543,127.13672348361153,"카페, 스터디, 스포츠",night,indoor,value
908,37.557330903757325,127.1224386991843,"소셜, 카페, 스포츠, 문화예술",night,outdoor,value
909,37.48071566862265,127.12475585742733,"취미활동, 문화예술",evening,outdoor,premium
910,37.641737859787476,126.9085552752947,"스터디, 취미활동, 스포츠",morning,outdoor,low
911,37.59574541852185,127.10952029942761,"스터디, 맛집",evening,indoor,value
912,37.45092754946214,127.18626126990657,"카페, 스포츠",morning,indoor,value
913,37.61981702462399,127.07435051003459,"소셜, 스포츠",evening,indoor,medium
914,37.442553319285096,126.88552048426509,"취미활동, 문화예술, 카페, 스포츠",night,outdoor,value
915,37.511781531073126,126.89213713284094,"소셜, 카페, 스터디, 문화예술",morning,outdoor,medium
916,37.57542704250119,127.12649114074512,"소셜, 취미활동",afternoon,outdoor,value
917,37.459242075105706,127.05066345563654,"취미활동, 스터디, 스포츠, 카페",afternoon,indoor,value
918,37.49382821822655,127.13072284511242,"스터디, 취미활동, 소셜, 카페",afternoon,indoor,value
919,37.400072880330356,126.85077442306967,"맛집, 취미활동",afternoon,outdoor,low
920,37.51208169786022,127.07258424500687,"카페, 취미활동, 소셜",morning,indoor,medium
921,37.61105850205446,127.05794241737189,"소셜, 스포츠",afternoon,indoor,medium
922,37.47248073861201,127.06888026542605,"맛집, 스포츠, 문화예술",night,indoor,high
923,37.60336847554883,127.02882185567255,"취미활동, 스포츠, 소셜, 스터디",evening,indoor,value
924,37.45843814079318,127.12641340092082,"문화예술, 소셜",afternoon,indoor,value
925,37.440235886812935,126.82256054310432,"맛집, 카페, 스터디, 소셜",evening,indoor,low
926,37.47229887739878,127.17445022861605,"카페, 취미활동, 스포츠, 문화예술",afternoon,indoor,low
927,37.51333904717282,126.92667374240676,"소셜, 카페, 문화예술",night,indoor,medium
928,37.513175595714706,127.06562964847994,"스터디, 문화예술, 맛집, 스포츠",afternoon,indoor,high
929,37.56734303772063,126.95178455223738,"취미활동, 스터디",night,indoor,medium
930,37.45777448973756,126.83904750421405,"카페, 소셜, 취미활동, 스포츠",evening,indoor,low
931,37.55754225553089,126.88119742367648,"문화예술, 스포츠",morning,indoor,value
932,37.401594250746456,126.93122787379426,"스포츠, 취미활동, 문화예술",night,indoor,value
933,37.41217879559071,126.9563011938268,"맛집, 취미활동, 문화예술",evening,outdoor,premium
934,37.47554441060274,127.19241179564604,"스터디, 카페, 소셜",morning,indoor,value
935,37.49596387300033,127.03866315679883,"스포츠, 스터디, 취미활동",night,indoor,medium
936,37.4401282085231,127.15428076541619,"소셜, 스포츠, 카페, 스터디",night,outdoor,medium
937,37.467728922462506,126.81005589030252,"카페, 문화예술, 맛집, 취미활동",evening,indoor,medium
938,37.66925858671306,126.97886420181227,"카페, 스포츠, 취미활동, 맛집",night,outdoor,low
939,37.686839856902715,127.07930903741222,"카페, 스포츠",afternoon,outdoor,medium
940,37.62927670220724,127.19726164143607,"카페, 맛집",night,indoor,medium
941,37.68373539387229,127.17194340020022,"문화예술, 소셜, 스터디",evening,outdoor,medium
942,37.61350461780653,126.8843709344426,"소셜, 취미활동, 스터디, 맛집",morning,indoor,high
943,37.569888843117226,126.95936018664376,"문화예술, 카페, 스포츠, 맛집",night,outdoor,value
944,37.40800302878266,126.80497023751757,"소셜, 문화예술, 취미활동",morning,outdoor,high
945,37.655731665692564,127.01936037469676,"스포츠, 취미활동, 카페, 소셜",night,outdoor,value
946,37.652990889845654,126.94470800230918,"취미활동, 맛집",night,indoor,medium
947,37.53464950795419,126.82514299498895,"카페, 맛집, 스터디",morning,indoor,value
948,37.48320402851739,127.00009259157032,"스포츠, 취미활동, 문화예술, 스터디",evening,indoor,medium
949,37.60124800423278,127.08123756150377,"스터디, 취미활동",morning,indoor,low
950,37.4193607651534,127.03106457468786,"맛집, 스포츠, 문화예술, 소셜",night,indoor,high
951,37.56151525606893,126.98179309318215,"취미활동, 문화예술, 스포츠, 카페",night,outdoor,value
952,37.505081711200795,126.98087317574404,"취미활동, 맛집, 스터디",night,outdoor,high
953,37.46841854507001,126.80461040562119,"소셜, 취미활동, 맛집, 문화예술",evening,outdoor,value
954,37.57631096850245,126.82561740954591,"문화예술, 맛집, 카페, 취미활동",night,indoor,value
955,37.48101753983047,126.88273484424664,"맛집, 스포츠",morning,indoor,value
956,37.66894185717779,127.05448753146774,"카페, 스터디, 맛집",evening,indoor,high
957,37.49899246858708,127.18487436379672,"스터디, 취미활동, 소셜, 문화예술",evening,outdoor,medium
958,37.58340710392952,127.1856216520526,"맛집, 스포츠, 문화예술",evening,indoor,value
959,37.59609694292169,127.18248846945745,"소셜, 문화예술",afternoon,indoor,low
960,37.629211046950246,126.80721516380186,"맛집, 취미활동, 스포츠, 소셜",afternoon,indoor,high
961,37.52796370958302,126.85571867576284,"문화예술, 취미활동",morning,indoor,value
962,37.61999837261506,126.80016411577567,"문화예술, 카페, 스포츠, 스터디",morning,indoor,premium
963,37.414518764583725,126.85940696970285,"스포츠, 소셜",morning,outdoor,high
964,37.44702888427979,126.97056242259679,"취미활동, 스포츠, 맛집, 문화예술",afternoon,indoor,medium
965,37.428472372929825,126.95600642429902,"맛집, 카페, 스포츠, 소셜",evening,outdoor,medium
966,37.59850799050745,127.1267830749577,"취미활동, 카페, 맛집, 스포츠",afternoon,outdoor,medium
967,37.51643643703055,126.8382760464232,"스터디, 스포츠, 맛집, 카페",evening,outdoor,value
968,37.57811173488543,127.10881271438895,"스포츠, 소셜",morning,outdoor,value
969,37.42375592273259,126.99512913495275,"맛집, 취미활동",morning,indoor,value
970,37.658318880943916,126.82794476827387,"스포츠, 스터디",evening,indoor,medium
971,37.66550459736418,126.88861086076095,"취미활동, 스포츠",morning,outdoor,low
972,37.65420651617281,126.80381558161021,"맛집, 취미활동, 문화예술",night,outdoor,medium
973,37.556156160092456,127.06215327978538,"맛집, 취미활동",afternoon,indoor,medium
974,37.42385591398895,126.9952152897127,"카페, 스터디, 소셜",afternoon,outdoor,value
975,37.51834538940425,127.19245247828462,"취미활동, 문화예술",afternoon,indoor,low
976,37.654525317929156,126.80816064427528,"맛집, 소셜",afternoon,outdoor,value
977,37.562764358690195,127.19137775686143,"문화예술, 취미활동, 스포츠",evening,outdoor,high
978,37.48263400393715,126.90601396725621,"문화예술, 스터디, 스포츠",morning,indoor,value
979,37.63039002734294,127.1842912352913,"스터디, 카페, 소셜, 취미활동",night,indoor,value
980,37.545539572314304,127.18951220039158,"카페, 스포츠",evening,indoor,value
981,37.407641807520534,126.8254435984706,"소셜, 스포츠, 문화예술",afternoon,indoor,value
982,37.51965242358409,127.16176057460679,"스터디, 취미활동, 스포츠",morning,outdoor,low
983,37.59455810804726,126.9237729883878,"소셜, 스터디, 카페, 문화예술",evening,indoor,value
984,37.581727846807695,127.18514819760072,"스포츠, 스터디",night,outdoor,value
985,37.59444402291469,127.09928284735805,"카페, 취미활동",morning,outdoor,medium
986,37.649879494517876,127.09708859887456,"스포츠, 소셜, 취미활동",evening,outdoor,medium
987,37.62609984137288,126.88802650191387,"카페, 맛집",morning,outdoor,high
988,37.52740370372554,126.8611847482423,"취미활동, 카페, 맛집, 스터디",afternoon,indoor,value
989,37.426947725771626,127.03630148854123,"스터디, 카페",night,indoor,value
990,37.62819840260708,126.99228938258759,"취미활동, 소셜, 스포츠, 문화예술",morning,indoor,medium
991,37.46400892040989,126.95402027168144,"소셜, 스터디",evening,indoor,value
992,37.44931780529852,127.12164369842445,"소셜, 맛집, 스포츠, 카페",morning,indoor,value
993,37.56057582038879,127.08191823997012,"소셜, 취미활동",night,outdoor,value
994,37.59765662126805,127.02657747403465,"카페, 스포츠, 취미활동",night,indoor,low
995,37.4421960017701,127.08665277468081,"취미활동, 소셜, 문화예술, 스포츠",night,indoor,low
996,37.5478022990933,126.93559758806462,"스터디, 카페, 문화예술, 취미활동",evening,outdoor,medium
997,37.599984015978286,127.0421374511777,"소셜, 카페, 맛집",evening,outdoor,value
998,37.49421320090529,126.98383981985529,"스터디, 맛집",evening,indoor,premium
999,37.49870171889867,126.95658170831778,"스포츠, 스터디, 카페, 문화예술",morning,indoor,low
1000,37.492635697505776,126.91697672183581,"스터디, 문화예술, 스포츠, 카페",night,outdoor,low
